Sortie,Spot,Bildnr,Datum,MASSTAB,QU,Acc,Form,Abd,LBDB,Quelle,x,y,Radius_Bild,EPSG-Code,flughohe
E-264,F-05403,1150,09/24/1943,"24,000",,1,23,38,Nein,Plot,76001,167740,2640,31255,28000
E-264,F-05403,1151,09/24/1943,"24,000",,1,23,86,Nein,Plot,75902,166632,2640,31255,28000
E-264,F-05403,1152,09/24/1943,"24,000",,,23,82,Ja,BM,76183,166402,2760,31255,28000
E-264,F-05403,1153,09/24/1943,"24,000",,,23,100,Ja,BM,75589,165288,2760,31255,28000
E-264,F-05403,1154,09/24/1943,"24,000",,1,23,71,Nein,Plot,75602,163309,2640,31255,28000
E-264,F-05403,2152,09/24/1943,"24,000",,1,23,57,Nein,Plot,72597,166786,2640,31255,28000
E-264,F-05403,2153,09/24/1943,"24,000",,1,23,74,Nein,Plot,72486,165863,2640,31255,28000
E-264,F-05403,2154,09/24/1943,"24,000",,1,23,71,Nein,Plot,72375,164940,2640,31255,28000
E-264,F-05403,2155,09/24/1943,"24,000",,1,23,51,Nein,Plot,72265,164017,2640,31255,28000
E-264,F-05403,3153,09/24/1943,"9,000",,1,21,34,Nein,Plot,74770,163974,990,31255,28000
E-264,F-05403,3154,09/24/1943,"9,000",,1,21,71,Nein,Plot,74872,164802,990,31255,28000
E-264,F-05403,3155,09/24/1943,"9,000",,1,21,71,Nein,Plot,74973,165630,990,31255,28000
E-264,F-05403,3156,09/24/1943,"9,000",,1,21,34,Nein,Plot,75075,166459,990,31255,28000
15SG-0240,ACIU,5007,01/23/1944,"52,000",1,1,23,100,Nein,Plot,77037,168584,5720,31255,26000
15SG-0240,ACIU,5008,01/23/1944,"52,000",1,1,23,100,Nein,Plot,74364,167800,5720,31255,26000
15SG-0240,ACIU,5009,01/23/1944,"52,000",1,1,23,100,Nein,Plot,75085,165544,5720,31255,26000
15SG-0240,ACIU,5010,01/23/1944,"52,000",1,1,23,100,Nein,Plot,74194,163901,5720,31255,26000
15SG-0254,Jaric,3049,01/31/1944,"13,000",1,1,23,81,Nein,Plot,75270,165611,1430,31255,26000
15SG-0254,Jaric,3050,01/31/1944,"13,000",1,1,23,70,Nein,Plot,74967,164328,1430,31255,26000
15SG-0254,Jaric,5012,01/31/1944,"52,000",1,1,23,100,Nein,Plot,74783,167593,5720,31255,26000
NA-870,ACIU,3084,02/05/1944,"7,000",1,,,38,Ja,BM,75362,164678,770,31255,21000
NA-870,ACIU,3085,02/05/1944,"7,000",1,,,52,Ja,BM,74720,164569,770,31255,21000
NA-870,ACIU,4088,02/05/1944,"7,000",,1,21,33,Nein,Plot,75643,165465,770,31255,21000
NA-870,ACIU,4089,02/05/1944,"7,000",,1,21,61,Nein,Plot,75064,165452,770,31255,21000
NA-870,ACIU,4090,02/05/1944,"7,000",,1,21,77,Nein,Plot,74484,165462,770,31255,21000
NA-870,ACIU,4091,02/05/1944,"7,000",,1,21,54,Nein,Plot,73905,165441,770,31255,21000
NA-870,ACIU,4106,02/05/1944,"7,000",,1,21,40,Nein,Plot,74706,166206,770,31255,21000
NA-870,ACIU,4107,02/05/1944,"7,000",,1,21,32,Nein,Plot,75386,166020,770,31255,21000
15SG-0293,Jaric,4053,02/24/1944,"12,000",1,1,23,67,Nein,Plot,73778,165845,1320,31255,24000
682-NA-896,Jaric,3018,02/25/1944,"8,500",1,1,21,38,Nein,Plot,73417,165081,935,31255,26000
682-NA-896,Jaric,3019,02/25/1944,"8,500",1,1,21,80,Nein,Plot,74242,165236,935,31255,26000
682-NA-896,Jaric,3020,02/25/1944,"8,500",1,1,21,70,Nein,Plot,75068,165392,935,31255,26000
682-NA-896,Jaric,3031,02/25/1944,"8,500",1,1,21,45,Nein,Plot,73862,164515,935,31255,26000
682-NA-896,Jaric,3032,02/25/1944,"8,500",1,1,21,69,Nein,Plot,74025,165176,935,31255,26000
682-NA-896,Jaric,3033,02/25/1944,"8,500",1,1,21,62,Nein,Plot,74188,165835,935,31255,26000
682-NA-896,Jaric,3034,02/25/1944,"8,500",1,1,21,34,Nein,Plot,74351,166495,935,31255,26000
682-NA-896,Jaric,4031,02/25/1944,"8,500",1,1,21,36,Nein,Plot,75256,164287,935,31255,26000
682-NA-896,Jaric,4032,02/25/1944,"8,500",1,1,21,52,Nein,Plot,75395,164947,935,31255,26000
682-NA-896,Jaric,4033,02/25/1944,"8,500",1,1,21,45,Nein,Plot,75533,165607,935,31255,26000
15SG-0300,Jaric,3012,02/28/1944,"11,500",1,1,23,46,Nein,Plot,73254,165534,1265,31255,24000
15SG-0300,Jaric,3013,02/28/1944,"11,500",1,1,23,90,Nein,Plot,74548,165707,1265,31255,24000
15SG-0300,Jaric,3014,02/28/1944,"11,500",1,1,23,41,Nein,Plot,75842,165881,1265,31255,24000
15SG-0300,Jaric,4004,02/28/1944,"11,500",1,1,23,45,Nein,Plot,73319,164738,1265,31255,24000
15SG-0300,Jaric,4005,02/28/1944,"11,500",1,1,23,77,Nein,Plot,74013,164811,1265,31255,24000
15SG-0300,Jaric,4006,02/28/1944,"11,500",1,1,23,93,Nein,Plot,74707,164884,1265,31255,24000
15SG-0300,Jaric,4007,02/28/1944,"11,500",1,1,23,68,Nein,Plot,75401,164957,1265,31255,24000
15SG-0300,Jaric,4008,02/28/1944,"11,500",1,1,23,35,Nein,Plot,76095,165031,1265,31255,24000
15SG-0331,ACIU,3050,03/19/1944,"12,500",1,,,32,Ja,BM,75341,163722,1375,31255,25000
15SG-0331,ACIU,3051,03/19/1944,"12,500",1,,,57,Ja,BM,74493,164046,1375,31255,25000
15SG-0331,ACIU,3052,03/19/1944,"12,500",1,,,51,Ja,BM,73690,164226,1375,31255,25000
15SG-0331,ACIU,4051,03/19/1944,"12,500",1,,,55,Ja,BM,75176,166358,1375,31255,25000
15SG-0331,ACIU,4052,03/19/1944,"12,500",1,,,58,Ja,BM,74372,166454,1375,31255,25000
15SG-0331,ACIU,4056,03/19/1944,"12,500",1,1,23,68,Nein,Plot,73864,165996,1375,31255,25000
15SG-0331,ACIU,4057,03/19/1944,"12,500",1,1,23,78,Nein,Plot,75284,165610,1375,31255,25000
15SG-0331,ACIU,5013,03/19/1944,"50,000",1,1,23,100,Nein,Plot,73498,164891,5500,31255,25000
15SG-0331,ACIU,5014,03/19/1944,"50,000",1,1,23,100,Nein,Plot,73463,164347,5500,31255,25000
15SG-0331,ACIU,5015,03/19/1944,"50,000",1,1,23,98,Nein,Plot,74509,169788,5500,31255,25000
J-755,F-09454,3046,03/29/1944,"8,000",2,1,23,36,Nein,Plot,75286,164379,880,31255,24000
J-755,F-09454,3047,03/29/1944,"8,000",2,1,23,48,Nein,Plot,75324,164779,880,31255,24000
J-755,Jaric,3048,03/29/1944,"8,000",1,,,53,Ja,BM,75365,165375,880,31255,24000
J-755,Jaric,3049,03/29/1944,"8,000",1,,,40,Ja,BM,75471,165823,880,31255,24000
J-755,Jaric,5005,03/29/1944,"48,000",1,1,23,91,Nein,Plot,76514,161264,5280,31255,24000
J-755,Jaric,5006,03/29/1944,"48,000",1,1,23,100,Nein,Plot,76544,164803,5280,31255,24000
J-755,Jaric,5007,03/29/1944,"48,000",1,1,23,100,Nein,Plot,76574,168341,5280,31255,24000
15SG-0356,Jaric,3077,04/02/1944,"14,000",2,,,100,Ja,BM,74360,165554,1540,31255,28000
15SG-0356,Jaric,3078,04/02/1944,"14,000",2,,,67,Ja,BM,74781,166427,1540,31255,28000
15SG-0356,Jaric,3079,04/02/1944,"14,000",2,1,23,62,Nein,Plot,75276,166329,1540,31255,28000
15SG-0356,Jaric,4076,04/02/1944,"14,000",2,1,23,34,Nein,Plot,75085,167030,1540,31255,28000
15SG-0356,Jaric,4077,04/02/1944,"14,000",2,1,23,100,Nein,Plot,75001,165181,1540,31255,28000
15SG-0356,Jaric,5020,04/02/1944,"56,000",2,1,23,45,Nein,Plot,78404,170175,6160,31255,28000
15SG-0356,Jaric,5021,04/02/1944,"56,000",2,1,23,100,Nein,Plot,76872,166195,6160,31255,28000
683-0183P,Jaric,4084,04/12/1944,"16,000",,1,21,67,Nein,Plot,74954,166611,1760,31255,26000
683-0183P,Jaric,4085,04/12/1944,"16,000",,1,21,100,Nein,Plot,75108,165516,1760,31255,26000
683-0183P,Jaric,4086,04/12/1944,"16,000",,1,21,83,Nein,Plot,75261,164422,1760,31255,26000
J-897,Jaric,3081,04/13/1944,"8,300",2,1,21,56,Nein,Plot,75190,165725,913,31255,25000
J-897,Jaric,3082,04/13/1944,"8,300",2,1,21,69,Nein,Plot,75066,165098,913,31255,25000
J-897,Jaric,3083,04/13/1944,"8,300",2,1,21,51,Nein,Plot,74941,164472,913,31255,25000
J-897,Jaric,4081,04/13/1944,"8,300",2,1,23,46,Nein,Plot,73934,166025,913,31255,25000
J-897,Jaric,4082,04/13/1944,"8,300",2,1,23,57,Nein,Plot,73808,165393,913,31255,25000
J-897,Jaric,4083,04/13/1944,"8,300",2,1,23,45,Nein,Plot,73683,164761,913,31255,25000
J-897,F-09332,7017,04/13/1944,"50,000",2,1,23,54,Nein,Plot,76534,170287,5500,31255,25000
J-897,F-09332,7018,04/13/1944,"50,000",2,1,23,100,Nein,Plot,75321,166698,5500,31255,25000
J-897,F-09332,7019,04/13/1944,"50,000",2,1,23,100,Nein,Plot,74109,163109,5500,31255,25000
60-0413,ACIU,4036,05/14/1944,"16,800",,1,21,36,Nein,Plot,73976,167305,1848,31255,28000
60-0413,ACIU,4037,05/14/1944,"16,000",2,,,100,Ja,BM,74116,164801,1760,31255,28000
60-0413,ACIU,4038,05/14/1944,"16,000",2,,,72,Ja,BM,74448,163961,1760,31255,28000
60-0413,ACIU,5009,05/14/1944,"56,000",1,1,23,100,Nein,Plot,74566,169874,6160,31255,28000
60-0413,ACIU,5010,05/14/1944,"56,000",1,1,23,100,Nein,Plot,74120,161446,6160,31255,28000
683-0273,Jaric,3018,05/19/1944,"14,400",1,1,21,42,Nein,Plot,75192,163641,1584,31255,24000
683-0273,Jaric,3019,05/19/1944,"14,400",1,1,21,59,Nein,Plot,74286,163899,1584,31255,24000
683-0273,Jaric,3020,05/19/1944,"14,400",1,1,21,45,Nein,Plot,73366,164094,1584,31255,24000
683-0273,Jaric,3023,05/19/1944,"14,400",1,1,21,31,Nein,Plot,73170,163897,1584,31255,24000
683-0273,Jaric,3024,05/19/1944,"14,400",1,1,21,77,Nein,Plot,74498,164229,1584,31255,24000
683-0273,Jaric,3025,05/19/1944,"14,400",1,1,21,56,Nein,Plot,75826,164561,1584,31255,24000
683-0273,Jaric,4018,05/19/1944,"14,400",1,1,21,50,Nein,Plot,76120,165478,1584,31255,24000
683-0273,Jaric,4019,05/19/1944,"14,400",1,1,21,84,Nein,Plot,75330,165711,1584,31255,24000
683-0273,Jaric,4020,05/19/1944,"14,400",1,1,21,94,Nein,Plot,74541,165945,1584,31255,24000
683-0273,Jaric,4021,05/19/1944,"14,400",1,1,21,68,Nein,Plot,73752,166179,1584,31255,24000
60-0456,Jaric,3036,05/30/1944,"16,500",1,1,21,50,Nein,Plot,72763,165164,1815,31255,28000
60-0456,Jaric,3037,05/30/1944,"16,500",1,1,21,65,Nein,Plot,73332,166148,1815,31255,28000
60-0456,Jaric,3038,05/30/1944,"16,500",1,1,21,41,Nein,Plot,73901,167133,1815,31255,28000
60-0456,Jaric,4036,05/30/1944,"16,500",1,1,21,56,Nein,Plot,75517,163867,1815,31255,28000
60-0456,Jaric,4037,05/30/1944,"16,500",1,1,21,61,Nein,Plot,76092,164858,1815,31255,28000
60-0456,Jaric,4038,05/30/1944,"16,500",1,1,21,31,Nein,Plot,76667,165848,1815,31255,28000
60-0456,Jaric,5028,05/30/1944,"55,000",1,1,23,100,Nein,Plot,74118,162758,6050,31255,28000
60-0456,Jaric,5029,05/30/1944,"55,000",1,1,23,100,Nein,Plot,76806,167584,6050,31255,28000
682-0122SM,Jaric,3033,05/31/1944,"8,700",1,1,21,75,Nein,Plot,75000,165202,957,31255,26000
682-0122SM,Jaric,3034,05/31/1944,"8,700",1,1,21,65,Nein,Plot,74735,165892,957,31255,26000
682-0122SM,Jaric,3035,05/31/1944,"8,700",1,1,21,32,Nein,Plot,74558,166576,957,31255,26000
682-0122SM,Jaric,4057,05/31/1944,"8,700",1,1,21,36,Nein,Plot,74932,166427,957,31255,26000
682-0134SM,Jaric,3145,06/05/1944,"15,000",1,1,21,67,Nein,Plot,73832,166350,1650,31255,25000
682-0134SM,Jaric,3146,06/05/1944,"15,000",1,1,21,98,Nein,Plot,74078,165754,1650,31255,25000
682-0134SM,Jaric,3147,06/05/1944,"15,000",1,1,21,100,Nein,Plot,74323,165158,1650,31255,25000
682-0134SM,Jaric,3148,06/05/1944,"15,000",1,1,21,97,Nein,Plot,74568,164562,1650,31255,25000
682-0134SM,Jaric,3149,06/05/1944,"15,000",1,1,21,66,Nein,Plot,74814,163965,1650,31255,25000
682-0134SM,Jaric,3150,06/05/1944,"15,000",1,1,21,34,Nein,Plot,75058,163369,1650,31255,25000
15SG-0528,Jaric,5035,06/25/1944,"53,500",2,1,23,100,Nein,Plot,75154,164511,5885,31255,29000
15SG-0532,ACIU,3014,06/26/1944,"14,000",1,,,42,Ja,BM,73032,164557,1540,31255,27000
15SG-0532,ACIU,3015,06/26/1944,"14,000",1,,,69,Ja,BM,73526,165745,1540,31255,27000
15SG-0532,ACIU,4014,06/26/1944,"14,000",2,,,46,Ja,BM,75767,164194,1540,31255,27000
15SG-0532,ACIU,4015,06/26/1944,"14,000",2,,,55,Ja,BM,75994,165177,1540,31255,27000
15SG-0532,ACIU,5004,06/26/1944,"54,000",1,1,23,100,Nein,Plot,74936,163891,5940,31255,27000
15SG-0532,ACIU,5005,06/26/1944,"54,000",1,1,23,100,Nein,Plot,75710,167304,5940,31255,27000
682-0202SM,Jaric,3046,06/26/1944,"16,200",1,1,21,39,Nein,Plot,75855,166766,1782,31255,27000
682-0202SM,Jaric,3047,06/26/1944,"16,200",1,1,21,34,Nein,Plot,76589,165743,1782,31255,27000
682-0202SM,Jaric,3058,06/26/1944,"16,200",1,1,21,80,Nein,Plot,73658,164516,1782,31255,27000
682-0202SM,Jaric,3059,06/26/1944,"16,200",1,1,21,92,Nein,Plot,74924,164397,1782,31255,27000
682-0202SM,Jaric,3060,06/26/1944,"16,200",1,1,21,43,Nein,Plot,76189,164278,1782,31255,27000
682-0202SM,Jaric,4045,06/26/1944,"16,200",1,1,21,37,Nein,Plot,73068,166629,1782,31255,27000
682-0202SM,Jaric,4046,06/26/1944,"16,200",1,1,21,100,Nein,Plot,73874,165454,1782,31255,27000
682-0202SM,Jaric,4047,06/26/1944,"16,200",1,1,21,89,Nein,Plot,74680,164281,1782,31255,27000
682-0231SM,Jaric,4010,07/02/1944,"8,300",1,1,21,48,Nein,Plot,75290,164660,913,31255,25000
682-0231SM,Jaric,4011,07/02/1944,"8,300",1,1,21,63,Nein,Plot,74790,164654,913,31255,25000
15SG-0367,ACIU,5004,07/04/1944,"54,000",1,1,23,100,Nein,Plot,78190,162360,5940,31255,27000
15SG-0367,ACIU,5005,07/04/1944,"54,000",1,1,23,100,Nein,Plot,78099,167187,5940,31255,27000
682-0260SM,Jaric,3061,07/06/1944,"14,500",1,1,21,57,Nein,Plot,75989,165497,1595,31255,24000
682-0260SM,Jaric,3062,07/06/1944,"14,500",1,1,21,84,Nein,Plot,75188,165912,1595,31255,24000
682-0260SM,Jaric,3063,07/06/1944,"14,500",1,1,21,75,Nein,Plot,74387,166327,1595,31255,24000
682-0260SM,Jaric,4052,07/06/1944,"14,500",1,1,21,31,Nein,Plot,74799,167216,1595,31255,24000
682-0260SM,Jaric,4053,07/06/1944,"14,500",1,1,21,85,Nein,Plot,75244,165833,1595,31255,24000
682-0260SM,Jaric,4054,07/06/1944,"14,500",1,1,21,60,Nein,Plot,75690,164449,1595,31255,24000
15SG-0557,B-10363,3010,07/08/1944,"13,000",1,1,23,72,Nein,Plot,75502,165518,1430,31255,25000
15SG-0557,B-10363,5035,07/08/1944,"50,000",2,1,23,100,Nein,Plot,77428,168421,5500,31255,25000
60-0572,Jaric,5008,07/18/1944,"58,000",1,1,23,100,Nein,Plot,75566,167523,6380,31255,29000
60-0582,Jaric,3002,07/20/1944,"18,000",1,1,21,58,Nein,Plot,74147,163499,1980,31255,30000
60-0582,Jaric,3003,07/20/1944,"18,000",1,1,21,100,Nein,Plot,74236,164635,1980,31255,30000
60-0582,Jaric,3004,07/20/1944,"18,000",1,1,21,100,Nein,Plot,74324,165771,1980,31255,30000
60-0582,Jaric,3005,07/20/1944,"18,000",1,1,21,66,Nein,Plot,74414,166908,1980,31255,30000
60-0582,G-02790,5004,07/20/1944,"60,000",,1,23,100,Nein,Plot,77374,161183,6600,31255,30000
60-0582,G-02790,5005,07/20/1944,"60,000",,1,23,100,Nein,Plot,77435,165807,6600,31255,30000
60-0582,G-02790,5006,07/20/1944,"60,000",,1,23,82,Nein,Plot,77498,170430,6600,31255,30000
15SG-0591,Jaric,3024,07/26/1944,"13,500",2,1,23,47,Nein,Plot,73335,166183,1485,31255,27000
15SG-0591,Jaric,3025,07/26/1944,"13,500",2,1,23,41,Nein,Plot,74417,166916,1485,31255,27000
15SG-0591,Jaric,4024,07/26/1944,"13,500",2,1,23,45,Nein,Plot,75225,163831,1485,31255,27000
15SG-0591,Jaric,4025,07/26/1944,"13,500",2,1,23,34,Nein,Plot,76154,164437,1485,31255,27000
15SG-0591,Jaric,5006,07/26/1944,"54,000",2,1,23,100,Nein,Plot,74684,164550,5940,31255,27000
15SG-0591,Jaric,5008,07/26/1944,"54,000",2,1,23,100,Nein,Plot,76343,166281,5940,31255,27000
682-0342SM,Jaric,3004,07/26/1944,"14,000",1,1,21,39,Nein,Plot,74733,163520,1540,31255,24000
682-0342SM,Jaric,3005,07/26/1944,"14,000",1,1,21,86,Nein,Plot,74364,164477,1540,31255,24000
682-0342SM,Jaric,3006,07/26/1944,"14,000",1,1,21,97,Nein,Plot,73995,165435,1540,31255,24000
682-0342SM,Jaric,3007,07/26/1944,"14,000",1,1,21,53,Nein,Plot,73626,166393,1540,31255,24000
682-0342SM,Jaric,4006,07/26/1944,"14,000",1,1,21,31,Nein,Plot,76210,166206,1540,31255,24000
682-0342SM,Jaric,4017,07/26/1944,"14,000",1,1,21,42,Nein,Plot,75841,166346,1540,31255,24000
682-0388SM,Jaric,3094,08/10/1944,"17,100",2,1,21,43,Nein,Plot,72790,166200,1881,31255,29000
682-0388SM,Jaric,3095,08/10/1944,"17,100",2,1,21,88,Nein,Plot,73957,166190,1881,31255,29000
682-0388SM,Jaric,3096,08/10/1944,"17,100",2,1,21,90,Ja,Plot,75124,166173,1881,31255,29000
682-0388SM,Jaric,3097,08/10/1944,"17,100",2,1,21,46,Ja,Plot,76290,166142,1881,31255,29000
682-0388SM,Jaric,4097,08/10/1944,"17,100",2,1,21,48,Nein,Plot,74546,163350,1881,31255,29000
682-0388SM,Jaric,4098,08/10/1944,"17,100",2,1,21,35,Nein,Plot,75719,163430,1881,31255,29000
15SG-0661,Jaric,4003,08/23/1944,"13,000",2,1,23,56,Nein,Plot,75602,164491,1430,31255,26000
15SG-0661,Jaric,4004,08/23/1944,"13,000",2,1,23,56,Nein,Plot,75805,165618,1430,31255,26000
15SG-0661,Jaric,5001,08/23/1944,"52,000",2,1,23,100,Nein,Plot,75755,164852,5720,31255,26000
15SG-0661,Jaric,5002,08/23/1944,"52,000",2,1,23,100,Nein,Plot,74983,169037,5720,31255,26000
60-0692,Jaric,3108,08/25/1944,"10,000",1,1,21,50,Nein,Plot,74988,166251,1100,31255,31000
60-0692,Jaric,3109,08/25/1944,"10,000",1,1,21,74,Nein,Plot,75131,165478,1100,31255,31000
60-0692,Jaric,3110,08/25/1944,"10,000",1,1,21,59,Nein,Plot,75274,164705,1100,31255,31000
60-0692,Jaric,3113,08/25/1944,"10,000",1,1,21,35,Nein,Plot,75477,164229,1100,31255,31000
60-0692,Jaric,3114,08/25/1944,"10,000",1,1,21,66,Nein,Plot,75321,165317,1100,31255,31000
60-0692,Jaric,3115,08/25/1944,"10,000",1,1,21,40,Nein,Plot,75165,166404,1100,31255,31000
60-0692,Jaric,4108,08/25/1944,"10,000",1,1,21,40,Nein,Plot,73637,166156,1100,31255,31000
60-0692,Jaric,4109,08/25/1944,"10,000",1,1,21,60,Nein,Plot,73713,165518,1100,31255,31000
60-0692,Jaric,4110,08/25/1944,"10,000",1,1,21,62,Nein,Plot,73788,164880,1100,31255,31000
60-0692,Jaric,4111,08/25/1944,"10,000",1,1,21,43,Nein,Plot,73864,164241,1100,31255,31000
60-0692,Jaric,4115,08/25/1944,"10,000",1,1,21,53,Nein,Plot,73551,165016,1100,31255,31000
60-0692,Jaric,4116,08/25/1944,"10,000",1,1,21,33,Nein,Plot,73413,166103,1100,31255,31000
60-0692,Jaric,5035,08/25/1944,"61,000",1,1,23,100,Nein,Plot,74056,168579,6710,31255,31000
60-0692,Jaric,5036,08/25/1944,"61,000",1,1,23,100,Nein,Plot,73797,163283,6710,31255,31000
60-0692,Jaric,5037,08/25/1944,"61,000",1,1,23,100,Nein,Plot,73686,165399,6710,31255,31000
60-0692,Jaric,5038,08/25/1944,"61,000",1,1,23,100,Nein,Plot,73575,167516,6710,31255,31000
15SG-0702,Jaric,3013,09/10/1944,"12,000",1,1,23,79,Nein,Plot,75085,165756,1320,31255,24000
15SG-0702,Jaric,4019,09/10/1944,"12,000",1,1,23,43,Nein,Plot,73781,166485,1320,31255,24000
15SG-0702,Jaric,5004,09/10/1944,"49,000",1,1,23,100,Nein,Plot,74253,166588,5390,31255,24000
15SG-0702,Jaric,5005,09/10/1944,"49,000",1,1,23,100,Nein,Plot,78334,166589,5390,31255,24000
32-0357,Jaric,3001,09/13/1944,"13,000",1,1,23,70,Nein,Plot,75233,164494,1430,31255,27000
32-0357,Jaric,3002,09/13/1944,"13,000",1,1,23,67,Nein,Plot,75477,165819,1430,31255,27000
32-0357,Jaric,5024,09/13/1944,"53,000",1,1,23,100,Nein,Plot,74725,164492,5830,31255,27000
32-0357,Jaric,5025,09/13/1944,"53,000",1,1,23,100,Nein,Plot,76862,164821,5830,31255,27000
32-0357,Jaric,5026,09/13/1944,"53,000",1,1,23,100,Nein,Plot,78998,165149,5830,31255,27000
32-0357,Jaric,5028,09/13/1944,"53,000",1,1,23,100,Nein,Plot,74764,164807,5830,31255,27000
32-0357,Jaric,5029,09/13/1944,"53,000",1,1,23,100,Nein,Plot,75518,169906,5830,31255,27000
682-0509,Jaric,3049,09/13/1944,"15,600",1,1,21,100,Nein,Plot,74521,165790,1716,31255,26000
682-0509,Jaric,3050,09/13/1944,"15,600",1,1,21,83,Nein,Plot,75465,165762,1716,31255,26000
682-0509,Jaric,3051,09/13/1944,"15,600",1,1,21,40,Nein,Plot,76408,165734,1716,31255,26000
682-0553,ACIU,3057,09/26/1944,"15,300",1,1,21,100,Nein,Plot,74709,165439,1683,31255,26000
682-0553,ACIU,3058,09/26/1944,"15,300",1,1,21,50,Nein,Plot,76222,165287,1683,31255,26000
683-0685,ACIU,3055,09/26/1944,"8,580",1,1,21,33,Nein,Plot,75415,164322,943.8,31255,26000
683-0685,ACIU,3056,09/26/1944,"8,580",1,1,21,60,Nein,Plot,75014,164692,943.8,31255,26000
683-0685,ACIU,3057,09/26/1944,"8,580",1,1,21,86,Nein,Plot,74611,165062,943.8,31255,26000
683-0685,ACIU,3058,09/26/1944,"8,580",1,1,21,77,Nein,Plot,74209,165430,943.8,31255,26000
683-0685,ACIU,3059,09/26/1944,"8,580",1,1,21,50,Nein,Plot,73807,165800,943.8,31255,26000
683-0685,ACIU,4068,09/26/1944,"8,580",1,1,21,31,Nein,Plot,73481,166010,943.8,31255,26000
683-0685,ACIU,4069,09/26/1944,"8,580",1,1,21,68,Nein,Plot,74145,165654,943.8,31255,26000
683-0685,ACIU,4070,09/26/1944,"8,580",1,1,21,84,Nein,Plot,74809,165300,943.8,31255,26000
683-0685,ACIU,4071,09/26/1944,"8,580",1,1,21,48,Nein,Plot,75472,164945,943.8,31255,26000
15SG-0746,Jaric,5010,10/04/1944,"42,000",1,1,23,100,Nein,Plot,76884,163138,4620,31255,21000
683-0717,Jaric,4003,10/17/1944,"7,000",1,,,36,Ja,BM,75329,165956,770,31255,21000
683-0717,Jaric,4004,10/17/1944,"7,000",1,,,72,Ja,BM,74810,165449,770,31255,21000
683-0717,Jaric,4005,10/17/1944,"7,000",1,1,21,43,Nein,Plot,74027,164543,770,31255,21000
32-0421,Jaric,4048,11/11/1944,"8,500",1,1,23,37,Nein,Plot,74779,164091,935,31255,26000
32-0421,D-04148,5011,11/11/1944,"52,000",2,1,23,67,Nein,Plot,79917,164941,5720,31255,26000
32-0421,D-04148,5012,11/11/1944,"52,000",2,1,23,100,Nein,Plot,75592,164469,5720,31255,26000
32-0421,D-04148,5013,11/11/1944,"52,000",2,1,23,100,Nein,Plot,71266,163999,5720,31255,26000
32-0421,D-04148,5014,11/11/1944,"52,000",2,1,23,100,Nein,Plot,73674,165371,5720,31255,26000
32-0421,D-04148,5015,11/11/1944,"52,000",2,1,23,100,Nein,Plot,76622,167534,5720,31255,26000
32-0429,Jaric,3018,11/16/1944,"12,000",2,1,23,64,Nein,Plot,74601,164239,1320,31255,24000
32-0429,Jaric,3019,11/16/1944,"12,000",2,1,23,69,Nein,Plot,75491,165298,1320,31255,24000
32-0429,Jaric,5002,11/16/1944,"48,000",2,1,23,100,Nein,Plot,75136,163249,5280,31255,24000
32-0429,Jaric,5003,11/16/1944,"48,000",2,1,23,100,Nein,Plot,74746,168296,5280,31255,24000
32-0429,Jaric,5006,11/16/1944,"48,000",2,1,23,100,Nein,Plot,75878,168596,5280,31255,24000
32-0445,Jaric,3001,11/20/1944,"10,000",1,1,23,35,Nein,Plot,73322,165914,1100,31255,20000
32-0445,Jaric,3002,11/20/1944,"10,000",1,1,23,58,Nein,Plot,73933,165950,1100,31255,20000
32-0445,Jaric,3003,11/20/1944,"10,000",1,1,23,68,Nein,Plot,74545,165985,1100,31255,20000
32-0445,Jaric,3004,11/20/1944,"10,000",1,1,23,56,Nein,Plot,75156,166019,1100,31255,20000
32-0445,Jaric,3005,11/20/1944,"10,000",1,1,23,32,Nein,Plot,75768,166054,1100,31255,20000
32-0445,Jaric,4003,11/20/1944,"10,000",1,1,23,33,Nein,Plot,74741,163848,1100,31255,20000
32-0445,Jaric,5001,11/20/1944,"39,000",1,1,23,100,Nein,Plot,73846,164452,4290,31255,20000
680-0056,ACIU,7003,11/21/1944,"56,000",2,1,23,64,Nein,Plot,69563,168345,6160,31255,28000
680-0056,ACIU,7004,11/21/1944,"56,000",2,1,23,100,Nein,Plot,74302,167366,6160,31255,28000
680-0056,ACIU,7005,11/21/1944,"56,000",2,1,23,100,Nein,Plot,75294,161558,6160,31255,28000
32-0452,ACIU,3014,11/24/1944,"25,000",2,,,36,Ja,BM,77560,165551,2750,31255,25000
32-0452,ACIU,3015,11/24/1944,"25,000",2,,,32,Ja,BM,77579,164568,2750,31255,25000
32-0452,ACIU,4014,11/24/1944,"12,500",2,,,64,Ja,BM,75360,165996,1375,31255,25000
32-0452,ACIU,4015,11/24/1944,"12,500",2,,,75,Ja,BM,75391,165013,1375,31255,25000
32-0452,ACIU,4016,11/24/1944,"12,500",2,,,48,Ja,BM,75208,164011,1375,31255,25000
32-0452,ACIU,4019,11/24/1944,"12,500",,1,23,42,Nein,Plot,76009,164788,1375,31255,25000
32-0452,ACIU,4020,11/24/1944,"12,500",,1,23,88,Nein,Plot,75009,164868,1375,31255,25000
32-0452,ACIU,4021,11/24/1944,"12,500",,1,23,81,Nein,Plot,73982,164790,1375,31255,25000
32-0452,ACIU,4022,11/24/1944,"12,500",,1,23,34,Nein,Plot,72956,164713,1375,31255,25000
32-0452,ACIU,5007,11/24/1944,"50,000",,1,23,100,Nein,Plot,75906,165993,5500,31255,25000
32-0452,ACIU,5008,11/24/1944,"50,000",,1,23,100,Nein,Plot,75363,160945,5500,31255,25000
32-0452,ACIU,5009,11/24/1944,"50,000",,1,23,78,Nein,Plot,78963,163056,5500,31255,25000
32-0452,ACIU,5010,11/24/1944,"50,000",,1,23,100,Nein,Plot,73563,164176,5500,31255,25000
32-0522,ACIU,3017,12/11/1944,"12,000",1,,,53,Nein,BM,74972,164074,1320,31255,24000
32-0522,ACIU,5004,12/11/1944,"58,000",1,1,23,100,Nein,Plot,77250,162987,6380,31255,24000
32-0522,ACIU,5005,12/11/1944,"58,000",1,1,23,100,Nein,Plot,73991,162325,6380,31255,24000
32-0522,ACIU,5006,12/11/1944,"58,000",1,1,23,100,Nein,Plot,76680,167747,6380,31255,24000
683-0833,Jaric,4008,12/11/1944,"12,000",1,1,21,34,Nein,Plot,76188,165379,1320,31255,24000
683-0833,Jaric,4009,12/11/1944,"12,000",1,1,21,35,Nein,Plot,75993,164518,1320,31255,24000
15SG-1007,Jaric,4094,12/23/1944,"12,000",1,1,23,31,Nein,Plot,74848,166924,1320,31255,24000
15SG-1007,Jaric,4095,12/23/1944,"12,000",1,1,23,59,Nein,Plot,74602,166393,1320,31255,24000
15SG-1007,Jaric,4096,12/23/1944,"12,000",1,1,23,91,Nein,Plot,74476,165741,1320,31255,24000
15SG-1007,Jaric,4097,12/23/1944,"12,000",1,1,23,100,Nein,Plot,74351,165090,1320,31255,24000
15SG-1007,Jaric,4098,12/23/1944,"12,000",1,1,23,71,Nein,Plot,74225,164438,1320,31255,24000
15SG-1007,Jaric,5032,12/23/1944,"48,000",1,1,23,100,Nein,Plot,76356,169125,5280,31255,24000
15SG-1007,Jaric,5033,12/23/1944,"48,000",1,1,23,100,Nein,Plot,76309,165243,5280,31255,24000
15SG-1007,Jaric,5038,12/23/1944,"48,000",1,1,23,100,Nein,Plot,76243,165059,5280,31255,24000
15SG-1011,Jaric,3006,12/24/1944,"10,500",1,1,23,40,Nein,Plot,73360,164655,1155,31255,21000
15SG-1011,Jaric,3007,12/24/1944,"10,500",1,1,23,59,Nein,Plot,73607,165451,1155,31255,21000
15SG-1011,Jaric,3008,12/24/1944,"10,500",1,1,23,47,Nein,Plot,73854,166245,1155,31255,21000
15SG-1011,Jaric,4007,12/24/1944,"10,500",1,1,23,41,Nein,Plot,75691,164567,1155,31255,21000
15SG-1011,Jaric,4008,12/24/1944,"10,500",1,1,23,31,Nein,Plot,76088,165320,1155,31255,21000
15SG-1011,Jaric,5001,12/24/1944,"42,000",1,1,23,42,Nein,Plot,72941,160772,4620,31255,21000
15SG-1011,Jaric,5002,12/24/1944,"42,000",1,1,23,100,Nein,Plot,74401,165075,4620,31255,21000
15SG-1011,Jaric,5003,12/24/1944,"42,000",1,1,23,64,Nein,Plot,75861,169380,4620,31255,21000
32-0609,Jaric,3064,12/27/1944,"11,500",2,1,23,34,Nein,Plot,73004,165482,1265,31255,23000
32-0609,Jaric,3065,12/27/1944,"11,500",2,1,23,56,Nein,Plot,73469,165569,1265,31255,23000
32-0609,Jaric,3066,12/27/1944,"11,500",2,1,23,76,Nein,Plot,73935,165657,1265,31255,23000
32-0609,Jaric,3067,12/27/1944,"11,500",2,1,23,87,Nein,Plot,74401,165745,1265,31255,23000
32-0609,Jaric,3068,12/27/1944,"11,500",2,1,23,80,Nein,Plot,74867,165832,1265,31255,23000
32-0609,Jaric,3069,12/27/1944,"11,500",2,1,23,62,Nein,Plot,75333,165920,1265,31255,23000
32-0609,Jaric,3070,12/27/1944,"11,500",2,1,23,40,Nein,Plot,75799,166008,1265,31255,23000
32-0609,Jaric,4068,12/27/1944,"11,500",2,1,23,30,Nein,Plot,74727,163624,1265,31255,23000
32-0609,Jaric,4069,12/27/1944,"11,500",2,1,23,30,Nein,Plot,75223,163752,1265,31255,23000
32-0609,Jaric,5021,12/27/1944,"46,000",2,1,23,100,Nein,Plot,73941,168512,5060,31255,23000
32-0609,Jaric,5023,12/27/1944,"46,000",2,1,23,100,Nein,Plot,72146,166028,5060,31255,23000
32-0609,Jaric,5028,12/27/1944,"46,000",2,1,23,100,Nein,Plot,72442,164014,5060,31255,23000
32-0609,Jaric,5029,12/27/1944,"46,000",2,1,23,100,Nein,Plot,75724,164298,5060,31255,23000
32-0609,Jaric,5030,12/27/1944,"46,000",2,1,23,77,Nein,Plot,79006,164582,5060,31255,23000
682-0778,Jaric,3008,12/27/1944,"15,000",1,1,21,39,Nein,Plot,76359,165762,1650,31255,25000
682-0778,Jaric,3009,12/27/1944,"15,000",1,1,21,51,Nein,Plot,76163,164997,1650,31255,25000
682-0778,Jaric,3010,12/27/1944,"15,000",1,1,21,57,Nein,Plot,75745,164328,1650,31255,25000
682-0778,Jaric,3011,12/27/1944,"15,000",1,1,21,43,Nein,Plot,75322,163661,1650,31255,25000
682-0778,Jaric,4008,12/27/1944,"15,000",1,1,21,36,Nein,Plot,73502,166873,1650,31255,25000
682-0778,Jaric,4009,12/27/1944,"15,000",1,1,21,60,Nein,Plot,73381,166071,1650,31255,25000
682-0778,Jaric,4010,12/27/1944,"15,000",1,1,21,67,Nein,Plot,73259,165270,1650,31255,25000
682-0778,Jaric,4011,12/27/1944,"15,000",1,1,21,51,Nein,Plot,73136,164469,1650,31255,25000
15SG-1032,Jaric,3025,12/28/1944,"11,500",2,,,98,Ja,BM,74366,165029,1265,31255,23000
15SG-1032,Jaric,3026,12/28/1944,"11,500",2,,,50,Ja,BM,73880,166323,1265,31255,23000
15SG-1032,Jaric,3027,12/28/1944,"11,500",2,1,23,60,Nein,Plot,74437,164208,1265,31255,23000
15SG-1032,Jaric,3028,12/28/1944,"11,500",2,1,23,89,Nein,Plot,74105,165154,1265,31255,23000
15SG-1032,Jaric,3029,12/28/1944,"11,500",2,1,23,55,Nein,Plot,73774,166102,1265,31255,23000
15SG-1032,Jaric,5004,12/28/1944,"46,000",2,1,23,100,Nein,Plot,75309,162065,5060,31255,23000
15SG-1032,Jaric,5005,12/28/1944,"46,000",2,1,23,100,Nein,Plot,75574,166032,5060,31255,23000
15SG-1032,Jaric,5006,12/28/1944,"46,000",2,1,23,57,Nein,Plot,75841,169999,5060,31255,23000
683-0873,Jaric,4006,12/31/1944,"5,500",2,1,21,60,Nein,Plot,74670,165644,605,31255,17000
683-0873,Jaric,4007,12/31/1944,"5,500",2,1,21,46,Nein,Plot,73904,165427,605,31255,17000
32-0629,ACIU,3008,01/03/1945,"10,000",1,,,54,Ja,BM,75525,164963,1100,31255,20000
32-0629,ACIU,5005,01/03/1945,"40,000",1,1,23,96,Nein,Plot,77735,163853,4400,31255,20000
680-0101,Jaric,3048,01/05/1945,"7,000",,1,21,37,Nein,Plot,73884,166032,770,31255,21000
680-0101,Jaric,3049,01/05/1945,"7,000",,1,21,79,Nein,Plot,74532,165440,770,31255,21000
680-0101,Jaric,3050,01/05/1945,"7,000",,1,21,51,Nein,Plot,75179,164848,770,31255,21000
680-0101,Jaric,4050,01/05/1945,"7,000",,1,21,34,Nein,Plot,73627,164705,770,31255,21000
680-0101,Jaric,4051,01/05/1945,"7,000",,1,21,31,Nein,Plot,74276,164149,770,31255,21000
680-0101,Jaric,7005,01/05/1945,"42,000",3,1,23,100,Nein,Plot,74506,165514,4620,31255,21000
680-0101,Jaric,7006,01/05/1945,"42,000",3,1,23,66,Nein,Plot,75404,169468,4620,31255,21000
680-0123,Jaric,3066,01/30/1945,"10,700",1,1,21,36,Nein,Plot,73878,163984,1177,31255,32000
680-0123,Jaric,3067,01/30/1945,"10,700",1,1,21,61,Nein,Plot,74096,164444,1177,31255,32000
680-0123,Jaric,3068,01/30/1945,"10,700",1,1,21,87,Nein,Plot,74314,164904,1177,31255,32000
680-0123,Jaric,3069,01/30/1945,"10,700",1,1,21,100,Nein,Plot,74575,165340,1177,31255,32000
680-0123,Jaric,3070,01/30/1945,"10,700",1,1,21,79,Nein,Plot,74841,165774,1177,31255,32000
680-0123,Jaric,3071,01/30/1945,"10,700",1,1,21,54,Nein,Plot,75107,166208,1177,31255,32000
680-0123,Jaric,7011,01/30/1945,"64,000",1,1,23,99,Nein,Plot,70982,160392,7040,31255,32000
680-0123,Jaric,7012,01/30/1945,"64,000",1,1,23,100,Nein,Plot,74744,162125,7040,31255,32000
680-0123,Jaric,7013,01/30/1945,"64,000",1,1,23,100,Nein,Plot,75692,166657,7040,31255,32000
37-0003,Jaric,5029,02/03/1945,"32,000",,1,23,100,Nein,Plot,76981,165224,3520,31255,16000
37-0005,Jaric,3054,02/03/1945,"11,000",2,1,23,52,Nein,Plot,74593,166414,1210,31255,22000
37-0005,Jaric,3055,02/03/1945,"11,000",2,1,23,45,Nein,Plot,73572,166102,1210,31255,22000
37-0005,Jaric,4017,02/03/1945,"11,000",2,1,23,32,Nein,Plot,73464,166380,1210,31255,22000
37-0005,Jaric,4018,02/03/1945,"11,000",2,1,23,38,Nein,Plot,75930,165719,1210,31255,22000
37-0005,Jaric,5004,02/03/1945,"44,000",2,1,23,46,Nein,Plot,72606,169761,4840,31255,22000
37-0005,Jaric,5005,02/03/1945,"44,000",2,1,23,100,Nein,Plot,75073,165553,4840,31255,22000
37-0005,Jaric,5015,02/03/1945,"44,000",2,1,23,100,Nein,Plot,77699,166810,4840,31255,22000
37-0005,Jaric,5016,02/03/1945,"44,000",2,1,23,100,Nein,Plot,72546,166182,4840,31255,22000
32-0733,Jaric,4011,02/05/1945,"10,000",2,1,23,51,Nein,Plot,74352,166314,1100,31255,20000
32-0733,Jaric,4012,02/05/1945,"10,000",2,1,23,77,Nein,Plot,74510,165804,1100,31255,20000
32-0733,Jaric,4013,02/05/1945,"10,000",2,1,23,99,Nein,Plot,74666,165295,1100,31255,20000
32-0733,Jaric,4014,02/05/1945,"10,000",2,1,23,79,Nein,Plot,74759,164784,1100,31255,20000
32-0733,Jaric,4015,02/05/1945,"10,000",2,1,23,55,Nein,Plot,74623,164269,1100,31255,20000
32-0733,Jaric,5001,02/05/1945,"40,000",2,1,23,44,Nein,Plot,77381,168776,4400,31255,20000
32-0733,Jaric,5002,02/05/1945,"40,000",2,1,23,100,Nein,Plot,76737,166864,4400,31255,20000
32-0733,Jaric,5003,02/05/1945,"40,000",2,1,23,100,Nein,Plot,76094,164952,4400,31255,20000
32-0733,Jaric,5004,02/05/1945,"40,000",2,1,23,100,Nein,Plot,75451,163040,4400,31255,20000
32-0733,Jaric,5005,02/05/1945,"40,000",2,1,23,60,Nein,Plot,74910,161096,4400,31255,20000
37-0008,Jaric,5006,02/05/1945,"48,000",2,1,23,100,Nein,Plot,76849,166354,5280,31255,24000
15SG-1167,D-03809,3014,02/08/1945,"12,500",2,1,23,81,Nein,Plot,74672,164529,1375,31255,25000
15SG-1167,D-03809,3015,02/08/1945,"12,500",2,1,23,76,Nein,Plot,75310,165635,1375,31255,25000
15SG-1167,D-03809,5003,02/08/1945,"50,000",2,1,23,78,Nein,Plot,73031,160573,5500,31255,25000
15SG-1167,D-03809,5004,02/08/1945,"50,000",2,1,23,100,Nein,Plot,74754,163664,5500,31255,25000
15SG-1167,D-03809,5005,02/08/1945,"50,000",2,1,23,100,Nein,Plot,76479,166757,5500,31255,25000
15SG-1167,D-03809,5006,02/08/1945,"50,000",2,1,23,31,Nein,Plot,78203,169849,5500,31255,25000
32-0743,Jaric,3027,02/12/1945,"8,000",1,1,23,30,Nein,Plot,73584,166085,880,31255,24000
32-0743,Jaric,3028,02/12/1945,"8,000",1,1,23,36,Nein,Plot,74203,166364,880,31255,24000
32-0743,Jaric,4025,02/12/1945,"8,000",1,1,23,34,Nein,Plot,73569,164617,880,31255,24000
32-0743,Jaric,4026,02/12/1945,"8,000",1,1,23,63,Nein,Plot,73961,165126,880,31255,24000
32-0743,Jaric,4027,02/12/1945,"8,000",1,1,23,88,Nein,Plot,74560,165377,880,31255,24000
32-0743,Jaric,4028,02/12/1945,"8,000",1,1,23,58,Nein,Plot,75159,165628,880,31255,24000
32-0743,Jaric,5002,02/12/1945,"48,000",1,1,23,34,Nein,Plot,79717,163099,5280,31255,24000
32-0743,Jaric,5003,02/12/1945,"48,000",1,1,23,100,Nein,Plot,76803,162515,5280,31255,24000
32-0743,Jaric,5004,02/12/1945,"48,000",1,1,23,100,Nein,Plot,74041,162764,5280,31255,24000
32-0743,Jaric,5005,02/12/1945,"48,000",1,1,23,100,Nein,Plot,73211,164447,5280,31255,24000
32-0743,Jaric,5006,02/12/1945,"48,000",1,1,23,100,Nein,Plot,75530,166306,5280,31255,24000
32-0743,Jaric,5007,02/12/1945,"48,000",1,1,23,94,Nein,Plot,77849,168165,5280,31255,24000
32-0748,Jaric,3069,02/13/1945,"12,500",1,1,23,42,Nein,Plot,74432,163735,1375,31255,25000
32-0748,Jaric,3070,02/13/1945,"12,500",1,1,23,68,Nein,Plot,74914,164328,1375,31255,25000
32-0748,Jaric,3071,02/13/1945,"12,500",1,1,23,73,Nein,Plot,75397,164920,1375,31255,25000
32-0748,Jaric,3072,02/13/1945,"12,500",1,1,23,51,Nein,Plot,75880,165513,1375,31255,25000
32-0748,Jaric,5027,02/13/1945,"50,000",1,1,23,100,Nein,Plot,73422,161252,5500,31255,25000
32-0748,Jaric,5028,02/13/1945,"50,000",1,1,23,100,Nein,Plot,75436,163534,5500,31255,25000
32-0748,Jaric,5029,02/13/1945,"50,000",1,1,23,100,Nein,Plot,77451,165816,5500,31255,25000
32-0748,Jaric,5030,02/13/1945,"50,000",1,1,23,41,Nein,Plot,79466,168099,5500,31255,25000
32-0749,Jaric,5003,02/13/1945,"46,000",1,1,23,100,Nein,Plot,76831,165926,5060,31255,23000
15SG-1194,F-14792,3019,02/15/1945,"12,000",2,,,41,Ja,BM,73882,166599,1320,31255,24000
15SG-1194,F-14792,3020,02/15/1945,"12,000",2,,,51,Ja,BM,74703,166547,1320,31255,24000
15SG-1194,F-14792,3021,02/15/1945,"12,000",2,,,43,Ja,BM,75461,166389,1320,31255,24000
15SG-1194,F-14704,4018,02/15/1945,"15,000",,,,63,Ja,BM,73628,164247,1650,31255,24000
15SG-1194,F-14704,4019,02/15/1945,"15,000",,,,78,Ja,BM,74396,164193,1650,31255,24000
15SG-1194,F-14704,4020,02/15/1945,"15,000",,,,80,Ja,BM,75035,164342,1650,31255,24000
15SG-1194,F-14704,4021,02/15/1945,"15,000",,,,57,Ja,BM,75693,164268,1650,31255,24000
15SG-1194,Jaric,5005,02/15/1945,"48,000",1,1,23,85,Nein,Plot,69981,165250,5280,31255,24000
15SG-1194,Jaric,5006,02/15/1945,"48,000",1,1,23,100,Nein,Plot,72508,165558,5280,31255,24000
15SG-1194,Jaric,5007,02/15/1945,"48,000",1,1,23,100,Nein,Plot,75034,165866,5280,31255,24000
15SG-1194,Jaric,5008,02/15/1945,"48,000",1,1,23,100,Nein,Plot,77561,166174,5280,31255,24000
15SG-1197,D-03832,5028,02/15/1945,"49,000",2,1,23,55,Nein,Plot,75128,170502,5390,31255,25000
15SG-1197,D-03832,5029,02/15/1945,"49,000",2,1,23,100,Nein,Plot,74899,167706,5390,31255,25000
15SG-1197,D-03832,5030,02/15/1945,"49,000",2,1,23,100,Nein,Plot,74801,164900,5390,31255,25000
15SG-1197,D-03832,5031,02/15/1945,"49,000",2,1,23,100,Nein,Plot,74930,162100,5390,31255,25000
15SG-1203,F-14695,4145,02/16/1945,"13,000",3,1,23,55,Nein,Plot,75747,164696,1430,31255,26000
15SG-1203,F-14695,4146,02/16/1945,"13,000",3,1,23,78,Nein,Plot,74895,164462,1430,31255,26000
15SG-1203,F-14695,5038,02/16/1945,"52,000",2,1,23,100,Nein,Plot,76484,163293,5720,31255,26000
15SG-1203,F-14695,5039,02/16/1945,"52,000",2,1,23,58,Nein,Plot,72925,159961,5720,31255,26000
37-0041,Jaric,5040,02/16/1945,"50,000",1,1,23,91,Nein,Plot,79143,166170,5500,31255,25000
15SG-1210,Jaric,3011,02/17/1945,"12,500",1,1,23,30,Nein,Plot,74277,163526,1375,31255,25000
15SG-1210,Jaric,4008,02/17/1945,"12,500",1,1,23,34,Nein,Plot,75997,164385,1375,31255,25000
15SG-1210,Jaric,4009,02/17/1945,"12,500",1,1,23,61,Nein,Plot,75421,164500,1375,31255,25000
15SG-1210,Jaric,4010,02/17/1945,"12,500",1,1,23,82,Nein,Plot,74841,164595,1375,31255,25000
15SG-1210,Jaric,4011,02/17/1945,"12,500",1,1,23,86,Nein,Plot,74262,164690,1375,31255,25000
15SG-1210,Jaric,4012,02/17/1945,"12,500",1,1,23,67,Nein,Plot,73677,164732,1375,31255,25000
15SG-1210,Jaric,4013,02/17/1945,"12,500",1,1,23,40,Nein,Plot,73089,164742,1375,31255,25000
15SG-1210,Jaric,5002,02/17/1945,"50,000",1,1,23,100,Nein,Plot,78364,164140,5500,31255,25000
15SG-1210,Jaric,5003,02/17/1945,"50,000",1,1,23,100,Nein,Plot,76050,164082,5500,31255,25000
15SG-1210,Jaric,5004,02/17/1945,"50,000",1,1,23,100,Nein,Plot,73795,163466,5500,31255,25000
15SG-1225,Jaric,3105,02/20/1945,"12,500",1,1,23,42,Nein,Plot,74995,163809,1375,31255,23000
15SG-1225,Jaric,3106,02/20/1945,"12,500",1,1,23,46,Nein,Plot,73976,163945,1375,31255,23000
15SG-1225,Jaric,3138,02/20/1945,"12,500",1,1,23,65,Nein,Plot,75567,165571,1375,31255,23000
15SG-1225,Jaric,3139,02/20/1945,"12,500",1,1,23,53,Nein,Plot,75518,164376,1375,31255,23000
15SG-1225,Jaric,4105,02/20/1945,"12,500",1,1,23,57,Nein,Plot,75427,166134,1375,31255,23000
15SG-1225,Jaric,4106,02/20/1945,"12,500",1,1,23,63,Nein,Plot,74419,166350,1375,31255,23000
15SG-1225,Jaric,4107,02/20/1945,"12,500",1,1,23,33,Nein,Plot,73393,166501,1375,31255,23000
15SG-1225,Jaric,4138,02/20/1945,"12,500",1,1,23,50,Nein,Plot,73234,165558,1375,31255,23000
15SG-1225,Jaric,4139,02/20/1945,"12,500",1,1,23,35,Nein,Plot,73163,164353,1375,31255,23000
15SG-1225,Jaric,5025,02/20/1945,"46,000",1,1,23,69,Nein,Plot,78719,163153,5060,31255,23000
15SG-1225,Jaric,5026,02/20/1945,"46,000",1,1,23,100,Nein,Plot,75203,165628,5060,31255,23000
15SG-1225,Jaric,5027,02/20/1945,"46,000",1,1,23,100,Nein,Plot,71145,166341,5060,31255,23000
15SG-1225,Jaric,5029,02/20/1945,"46,000",1,1,23,86,Nein,Plot,73055,169322,5060,31255,23000
15SG-1225,Jaric,5030,02/20/1945,"46,000",1,1,23,59,Nein,Plot,76611,169679,5060,31255,23000
15SG-1225,Jaric,5034,02/20/1945,"46,000",1,1,23,100,Nein,Plot,74754,166319,5060,31255,23000
15SG-1225,Jaric,5035,02/20/1945,"46,000",1,1,23,100,Nein,Plot,74121,161481,5060,31255,23000
683-0980,Jaric,3207,02/20/1945,"8,000",1,1,21,40,Nein,Plot,75111,166185,880,31255,24000
683-0980,Jaric,3208,02/20/1945,"8,000",1,1,21,71,Nein,Plot,74892,165570,880,31255,24000
683-0980,Jaric,3209,02/20/1945,"8,000",1,1,21,77,Nein,Plot,74673,164956,880,31255,24000
683-0980,Jaric,3210,02/20/1945,"8,000",1,1,21,46,Nein,Plot,74583,164309,880,31255,24000
683-0980,Jaric,3229,02/20/1945,"8,000",1,1,21,30,Nein,Plot,73427,164687,880,31255,24000
683-0980,Jaric,3230,02/20/1945,"8,000",1,1,21,52,Nein,Plot,73886,164773,880,31255,24000
683-0980,Jaric,3231,02/20/1945,"8,000",1,1,21,71,Nein,Plot,74346,164859,880,31255,24000
683-0980,Jaric,3232,02/20/1945,"8,000",1,1,21,74,Nein,Plot,74803,164956,880,31255,24000
683-0980,Jaric,3233,02/20/1945,"8,000",1,1,21,57,Nein,Plot,75258,165063,880,31255,24000
683-0980,Jaric,3234,02/20/1945,"8,000",1,1,21,36,Nein,Plot,75713,165169,880,31255,24000
683-0980,Jaric,4207,02/20/1945,"8,000",1,1,21,39,Nein,Plot,74121,166250,880,31255,24000
683-0980,Jaric,4208,02/20/1945,"8,000",1,1,21,59,Nein,Plot,73968,165621,880,31255,24000
683-0980,Jaric,4209,02/20/1945,"8,000",1,1,21,54,Nein,Plot,73814,164992,880,31255,24000
683-0980,Jaric,4210,02/20/1945,"8,000",1,1,21,31,Nein,Plot,73687,164357,880,31255,24000
683-0980,Jaric,4232,02/20/1945,"8,000",1,1,21,37,Nein,Plot,74748,164157,880,31255,24000
683-0980,Jaric,4233,02/20/1945,"8,000",1,1,21,36,Nein,Plot,75221,164315,880,31255,24000
683-0980,Jaric,4241,02/20/1945,"8,000",1,1,21,32,Nein,Plot,75693,164783,880,31255,24000
683-0980,Jaric,4242,02/20/1945,"8,000",1,1,21,32,Nein,Plot,75363,164343,880,31255,24000
15SG-1232,Jaric,3015,02/22/1945,"10,000",2,1,23,37,Nein,Plot,73226,165015,1100,31255,21000
15SG-1232,Jaric,3016,02/22/1945,"10,000",2,1,23,74,Nein,Plot,74139,164827,1100,31255,21000
15SG-1232,Jaric,3017,02/22/1945,"10,000",2,1,23,65,Nein,Plot,75054,164637,1100,31255,21000
15SG-1232,Jaric,5014,02/22/1945,"41,000",2,1,23,100,Nein,Plot,71378,164484,4510,31255,21000
15SG-1232,Jaric,5015,02/22/1945,"41,000",2,1,23,100,Nein,Plot,74188,165192,4510,31255,21000
15SG-1232,Jaric,5016,02/22/1945,"41,000",2,1,23,100,Nein,Plot,76999,165900,4510,31255,21000
37-0067,ACIU,5025,02/22/1945,"40,000",2,,,100,Ja,BM,76478,166264,4400,31255,20000
37-0067,ACIU,5026,02/22/1945,"40,000",2,,,100,Ja,BM,76739,165811,4400,31255,20000
37-0067,ACIU,5027,02/22/1945,"40,000",2,,,100,Ja,BM,76701,165370,4400,31255,20000
37-0067,ACIU,5028,02/22/1945,"40,000",2,,,100,Ja,BM,76627,164686,4400,31255,20000
680-0145,Jaric,4100,02/22/1945,"10,700",2,1,21,39,Nein,Plot,74426,166634,1177,31255,32000
680-0145,Jaric,4101,02/22/1945,"10,700",2,1,21,62,Nein,Plot,74693,166182,1177,31255,32000
680-0145,Jaric,4102,02/22/1945,"10,700",2,1,21,74,Nein,Plot,75018,165769,1177,31255,32000
680-0145,Jaric,4103,02/22/1945,"10,700",2,1,21,69,Nein,Plot,75343,165355,1177,31255,32000
680-0145,Jaric,4104,02/22/1945,"10,700",2,1,21,51,Nein,Plot,75668,164942,1177,31255,32000
680-0145,Jaric,4113,02/22/1945,"10,700",2,1,21,59,Nein,Plot,75335,164639,1177,31255,32000
680-0145,Jaric,4114,02/22/1945,"10,700",2,1,21,86,Nein,Plot,74693,164824,1177,31255,32000
680-0145,Jaric,4115,02/22/1945,"10,700",2,1,21,80,Nein,Plot,74050,165008,1177,31255,32000
680-0145,Jaric,4116,02/22/1945,"10,700",2,1,21,51,Nein,Plot,73409,165193,1177,31255,32000
680-0145,Jaric,7014,02/22/1945,"64,000",2,1,23,100,Nein,Plot,73474,169070,7040,31255,32000
680-0145,Jaric,7015,02/22/1945,"64,000",2,1,23,100,Nein,Plot,78681,161584,7040,31255,32000
680-0145,Jaric,7017,02/22/1945,"64,000",2,1,23,100,Nein,Plot,71179,164632,7040,31255,32000
32-0805,Jaric,5001,02/24/1945,"48,000",1,1,23,100,Nein,Plot,72010,163111,5280,31255,24000
32-0805,Jaric,5002,02/24/1945,"48,000",1,1,23,38,Nein,Plot,79541,162896,5280,31255,24000
32-0805,Jaric,5003,02/24/1945,"48,000",1,1,23,92,Nein,Plot,76262,161169,5280,31255,24000
32-0805,Jaric,5004,02/24/1945,"48,000",1,1,23,100,Nein,Plot,75756,163537,5280,31255,24000
32-0805,Jaric,5005,02/24/1945,"48,000",1,1,23,100,Nein,Plot,75249,165903,5280,31255,24000
5PRS-0319,ACIU,3076,02/28/1945,"12,250",1,1,23,49,Nein,Plot,73474,164438,1347.5,31255,25000
5PRS-0319,ACIU,3077,02/28/1945,"12,250",1,1,23,68,Nein,Plot,74608,164284,1347.5,31255,25000
5PRS-0319,ACIU,3078,02/28/1945,"12,250",1,1,23,35,Nein,Plot,75742,164129,1347.5,31255,25000
682-0957,Jaric,4073,02/28/1945,"8,000",1,1,21,57,Nein,Plot,74779,164571,880,31255,23000
682-0957,Jaric,4074,02/28/1945,"8,000",1,1,21,58,Nein,Plot,74337,164587,880,31255,23000
682-0957,Jaric,4075,02/28/1945,"8,000",1,1,21,47,Nein,Plot,73895,164604,880,31255,23000
682-0957,Jaric,4076,02/28/1945,"8,000",1,1,21,30,Nein,Plot,73453,164620,880,31255,23000
682-0958,Jaric,4077,02/28/1945,"15,000",2,1,21,76,Nein,Plot,75207,166161,1650,31255,25000
682-0958,Jaric,4078,02/28/1945,"15,000",2,1,21,100,Nein,Plot,74269,165056,1650,31255,25000
37-0106,Jaric,3010,03/01/1945,"12,000",1,1,23,43,Nein,Plot,74288,163838,1320,31255,24000
37-0106,Jaric,3011,03/01/1945,"12,000",1,1,23,100,Nein,Plot,74432,165108,1320,31255,24000
37-0106,Jaric,3012,03/01/1945,"12,000",1,1,23,60,Nein,Plot,74575,166378,1320,31255,24000
37-0106,Jaric,5003,03/01/1945,"48,000",1,1,23,100,Nein,Plot,75176,161209,5280,31255,24000
37-0106,Jaric,5004,03/01/1945,"48,000",1,1,23,100,Nein,Plot,75362,165118,5280,31255,24000
37-0106,Jaric,5005,03/01/1945,"48,000",1,1,23,100,Nein,Plot,75548,169027,5280,31255,24000
682-0966,Jaric,3037,03/03/1945,"12,000",3,,,45,Ja,BM,75224,166501,1320,31255,20000
682-0966,Jaric,3038,03/03/1945,"12,000",3,,,63,Ja,BM,75330,165960,1320,31255,20000
682-0966,Jaric,3039,03/03/1945,"12,000",3,1,21,71,Nein,Plot,75205,165884,1320,31255,20000
682-0966,Jaric,3040,03/03/1945,"12,000",3,1,21,73,Nein,Plot,75404,165201,1320,31255,20000
682-0966,Jaric,3041,03/03/1945,"12,000",3,1,21,51,Nein,Plot,75605,164518,1320,31255,20000
682-0966,Jaric,4038,03/03/1945,"12,000",3,1,21,32,Nein,Plot,72888,165242,1320,31255,20000
682-0966,Jaric,4039,03/03/1945,"12,000",3,1,21,35,Nein,Plot,73064,164639,1320,31255,20000
682-0966,Jaric,4054,03/03/1945,"12,000",3,1,21,47,Nein,Plot,75890,165574,1320,31255,20000
682-0966,Jaric,4055,03/03/1945,"12,000",3,1,21,78,Nein,Plot,75257,165545,1320,31255,20000
682-0966,Jaric,4056,03/03/1945,"12,000",3,1,21,100,Nein,Plot,74625,165515,1320,31255,20000
682-0966,Jaric,4057,03/03/1945,"12,000",3,1,21,85,Nein,Plot,73992,165486,1320,31255,20000
682-0966,Jaric,4058,03/03/1945,"12,000",3,1,21,55,Nein,Plot,73360,165457,1320,31255,20000
682-0966,Jaric,4062,03/03/1945,"12,000",3,1,21,59,Nein,Plot,75594,164793,1320,31255,20000
682-0968,Jaric,3017,03/03/1945,"6,750",2,1,21,33,Nein,Plot,74501,164198,742.5,31255,20000
682-0968,Jaric,3018,03/03/1945,"6,750",2,1,21,30,Nein,Plot,74951,164194,742.5,31255,20000
682-0968,Jaric,3034,03/03/1945,"6,750",2,1,21,36,Nein,Plot,75515,164955,742.5,31255,20000
682-0968,Jaric,3035,03/03/1945,"6,750",2,1,21,35,Nein,Plot,75565,165489,742.5,31255,20000
682-0985,ACIU,3012,03/09/1945,"7,000",2,1,21,34,Nein,Plot,73527,164912,770,31255,21000
682-0985,ACIU,3013,03/09/1945,"7,000",2,,,53,Ja,BM,73971,164867,770,31255,21000
682-0985,ACIU,3014,03/09/1945,"7,000",2,,,60,Ja,BM,74371,164734,770,31255,21000
682-0985,ACIU,3015,03/09/1945,"7,000",2,,,53,Ja,BM,74829,164615,770,31255,21000
682-0985,ACIU,3016,03/09/1945,"7,000",2,,,42,Ja,BM,75279,164690,770,31255,21000
682-0985,ACIU,3017,03/09/1945,"7,000",2,,,32,Ja,BM,75645,165012,770,31255,21000
682-0985,ACIU,3061,03/09/1945,"7,000",2,1,21,42,Nein,Plot,74678,166180,770,31255,21000
682-0985,ACIU,3062,03/09/1945,"7,000",2,1,21,57,Nein,Plot,74979,165708,770,31255,21000
682-0985,ACIU,3063,03/09/1945,"7,000",2,1,21,59,Nein,Plot,75123,165175,770,31255,21000
682-0985,ACIU,3064,03/09/1945,"7,000",2,1,21,42,Nein,Plot,75221,164623,770,31255,21000
682-0985,ACIU,4061,03/09/1945,"7,000",2,1,21,30,Nein,Plot,73469,165663,770,31255,21000
682-0985,ACIU,4062,03/09/1945,"7,000",2,1,21,45,Nein,Plot,73706,165176,770,31255,21000
682-0985,ACIU,4063,03/09/1945,"7,000",2,1,21,45,Nein,Plot,73931,164687,770,31255,21000
683-1025,ACIU,3002,03/09/1945,"7,170",2,,,56,Ja,BM,74926,165812,788.7,31255,22000
683-1025,ACIU,3003,03/09/1945,"7,170",2,,,70,Ja,BM,74775,164961,788.7,31255,22000
683-1025,ACIU,3004,03/09/1945,"7,170",2,,,31,Ja,BM,74763,164129,788.7,31255,22000
15SG-1294,Jaric,3004,03/10/1945,"10,000",2,1,23,58,Nein,Plot,73847,164672,1100,31255,20000
15SG-1294,Jaric,3005,03/10/1945,"10,000",2,1,23,96,Nein,Plot,74427,165371,1100,31255,20000
15SG-1294,Jaric,3006,03/10/1945,"10,000",2,1,23,58,Nein,Plot,75009,166071,1100,31255,20000
15SG-1294,Jaric,5001,03/10/1945,"40,000",2,1,23,31,Nein,Plot,73006,160747,4400,31255,20000
15SG-1294,Jaric,5002,03/10/1945,"40,000",2,1,23,100,Nein,Plot,77099,167167,4400,31255,20000
682-0989,Jaric,3006,03/10/1945,"9,000",2,1,21,40,Nein,Plot,73413,165022,990,31255,26000
682-0989,Jaric,3007,03/10/1945,"9,000",2,1,21,68,Nein,Plot,73951,165105,990,31255,26000
682-0989,Jaric,3008,03/10/1945,"9,000",2,1,21,94,Nein,Plot,74488,165187,990,31255,26000
682-0989,Jaric,3009,03/10/1945,"9,000",2,1,21,76,Nein,Plot,75027,165270,990,31255,26000
682-0989,Jaric,3010,03/10/1945,"9,000",2,1,21,48,Nein,Plot,75565,165351,990,31255,26000
682-0991,Jaric,3011,03/10/1945,"7,900",2,1,21,36,Nein,Plot,73918,164320,869,31255,24000
682-0991,Jaric,3012,03/10/1945,"7,900",2,1,21,41,Nein,Plot,74487,164216,869,31255,24000
682-0991,Jaric,3013,03/10/1945,"7,900",2,1,21,30,Nein,Plot,75056,164112,869,31255,24000
682-0991,Jaric,3017,03/10/1945,"7,900",2,1,21,67,Nein,Plot,75012,165510,869,31255,24000
682-0991,Jaric,3018,03/10/1945,"7,900",2,1,21,65,Nein,Plot,75114,165234,869,31255,24000
682-0991,Jaric,3019,03/10/1945,"7,900",2,1,21,57,Nein,Plot,75215,164958,869,31255,24000
682-0991,Jaric,3020,03/10/1945,"7,900",2,1,21,45,Nein,Plot,75317,164683,869,31255,24000
682-0991,Jaric,3021,03/10/1945,"7,900",2,1,21,32,Nein,Plot,75419,164406,869,31255,24000
682-0991,Jaric,4015,03/10/1945,"7,900",2,1,21,70,Nein,Plot,74207,165557,869,31255,24000
682-0991,Jaric,4016,03/10/1945,"7,900",2,1,21,80,Nein,Plot,74297,165231,869,31255,24000
682-0991,Jaric,4017,03/10/1945,"7,900",2,1,21,73,Nein,Plot,74387,164906,869,31255,24000
682-0991,Jaric,4018,03/10/1945,"7,900",2,1,21,59,Nein,Plot,74476,164579,869,31255,24000
682-0991,Jaric,4019,03/10/1945,"7,900",2,1,21,43,Nein,Plot,74565,164253,869,31255,24000
15SG-1321,Jaric,3001,03/15/1945,"8,000",2,1,23,36,Nein,Plot,73660,165975,880,31255,25000
15SG-1321,Jaric,3002,03/15/1945,"8,000",2,1,23,61,Nein,Plot,74368,165872,880,31255,25000
15SG-1321,Jaric,3003,03/15/1945,"8,000",2,1,23,57,Nein,Plot,75076,165769,880,31255,25000
15SG-1321,Jaric,3017,03/15/1945,"8,000",2,1,23,36,Nein,Plot,74172,166339,880,31255,25000
15SG-1321,Jaric,3018,03/15/1945,"8,000",2,1,23,58,Nein,Plot,74722,165955,880,31255,25000
15SG-1321,Jaric,3019,03/15/1945,"8,000",2,1,23,55,Nein,Plot,75272,165570,880,31255,25000
15SG-1321,Jaric,3020,03/15/1945,"8,000",2,1,23,30,Nein,Plot,75821,165186,880,31255,25000
15SG-1321,Jaric,4002,03/15/1945,"8,000",2,1,23,36,Nein,Plot,74326,164143,880,31255,25000
15SG-1321,Jaric,4018,03/15/1945,"8,000",2,1,23,38,Nein,Plot,73832,164430,880,31255,25000
15SG-1321,Jaric,4019,03/15/1945,"8,000",2,1,23,32,Nein,Plot,74441,164040,880,31255,25000
15SG-1321,Jaric,5001,03/15/1945,"49,000",2,1,23,100,Nein,Plot,75151,165824,5390,31255,25000
15SG-1321,Jaric,5003,03/15/1945,"49,000",2,1,23,56,Nein,Plot,76416,170181,5390,31255,25000
15SG-1321,Jaric,5004,03/15/1945,"49,000",2,1,23,100,Nein,Plot,75791,166409,5390,31255,25000
37-0154,Jaric,5043,03/15/1945,"40,000",2,1,23,89,Nein,Plot,77455,167404,4400,31255,20000
37-0157,Jaric,3052,03/16/1945,"11,000",1,1,23,50,Nein,Plot,74751,164069,1210,31255,22000
37-0157,Jaric,3053,03/16/1945,"11,000",1,1,23,85,Nein,Plot,74719,164783,1210,31255,22000
37-0157,Jaric,3054,03/16/1945,"11,000",1,1,23,97,Nein,Plot,74688,165496,1210,31255,22000
37-0157,Jaric,3055,03/16/1945,"11,000",1,1,23,62,Nein,Plot,74656,166210,1210,31255,22000
37-0157,Jaric,4071,03/16/1945,"11,000",1,1,23,41,Nein,Plot,75931,165423,1210,31255,22000
37-0157,Jaric,4072,03/16/1945,"11,000",1,1,23,77,Nein,Plot,75196,165424,1210,31255,22000
37-0157,Jaric,4073,03/16/1945,"11,000",1,1,23,100,Nein,Plot,74461,165424,1210,31255,22000
37-0157,Jaric,4074,03/16/1945,"11,000",1,1,23,68,Nein,Plot,73726,165425,1210,31255,22000
37-0157,Jaric,4075,03/16/1945,"11,000",1,1,23,31,Nein,Plot,72992,165425,1210,31255,22000
37-0157,Jaric,5029,03/16/1945,"44,000",1,1,23,100,Nein,Plot,75776,161964,4840,31255,22000
37-0157,Jaric,5030,03/16/1945,"44,000",1,1,23,100,Nein,Plot,75713,164781,4840,31255,22000
37-0157,Jaric,5031,03/16/1945,"44,000",1,1,23,100,Nein,Plot,75651,167599,4840,31255,22000
683-1046,Jaric,4168,03/16/1945,"7,700",2,1,21,58,Nein,Plot,75219,165408,847,31255,23000
683-1046,Jaric,4169,03/16/1945,"7,700",2,1,21,83,Nein,Plot,74589,165438,847,31255,23000
683-1046,Jaric,4170,03/16/1945,"7,700",2,1,21,60,Nein,Plot,73957,165469,847,31255,23000
683-1046,Jaric,4177,03/16/1945,"7,700",2,1,21,67,Nein,Plot,74985,165006,847,31255,23000
683-1046,Jaric,4178,03/16/1945,"7,700",2,1,21,41,Nein,Plot,75075,164386,847,31255,23000
680-0174,Jaric,3003,03/19/1945,"14,700",1,,,60,Ja,BM,75964,165281,1617,31255,25000
680-0174,Jaric,3004,03/19/1945,"14,700",1,1,21,50,Nein,Plot,75845,164302,1617,31255,25000
680-0174,Jaric,4003,03/19/1945,"14,700",1,1,21,57,Nein,Plot,73897,166570,1617,31255,25000
680-0174,Jaric,4004,03/19/1945,"14,700",1,1,21,81,Nein,Plot,73587,165434,1617,31255,25000
680-0174,Jaric,4005,03/19/1945,"14,700",1,1,21,52,Nein,Plot,73321,164289,1617,31255,25000
680-0174,Jaric,7001,03/19/1945,"49,000",1,1,23,52,Nein,Plot,75658,170488,5390,31255,25000
680-0174,Jaric,7002,03/19/1945,"49,000",1,1,23,100,Nein,Plot,74140,165208,5390,31255,25000
680-0174,Jaric,7003,03/19/1945,"49,000",1,1,23,32,Nein,Plot,71986,160141,5390,31255,25000
682-1019,Jaric,3011,03/19/1945,"9,000",1,1,21,53,Nein,Plot,75167,164577,990,31255,27000
682-1019,Jaric,3012,03/19/1945,"9,000",1,1,21,66,Nein,Plot,74423,164609,990,31255,27000
682-1019,Jaric,3013,03/19/1945,"9,000",1,1,21,46,Nein,Plot,73682,164683,990,31255,27000
682-1019,Jaric,4012,03/19/1945,"9,000",1,1,21,49,Nein,Plot,75010,166145,990,31255,27000
682-1019,Jaric,4013,03/19/1945,"9,000",1,1,21,50,Nein,Plot,74270,166205,990,31255,27000
683-1064,Jaric,3028,03/21/1945,"8,000",1,1,21,53,Nein,Plot,74020,164648,880,31255,24000
683-1064,Jaric,3029,03/21/1945,"8,000",1,1,21,71,Nein,Plot,74570,164803,880,31255,24000
683-1064,Jaric,3030,03/21/1945,"8,000",1,1,21,62,Nein,Plot,75119,164959,880,31255,24000
683-1064,Jaric,3031,03/21/1945,"8,000",1,1,21,37,Nein,Plot,75669,165115,880,31255,24000
683-1064,Jaric,4017,03/21/1945,"8,000",1,1,21,51,Nein,Plot,75382,165067,880,31255,24000
683-1064,Jaric,4018,03/21/1945,"8,000",1,1,21,73,Nein,Plot,74879,165018,880,31255,24000
683-1064,Jaric,4019,03/21/1945,"8,000",1,1,21,76,Nein,Plot,74377,164969,880,31255,24000
683-1064,Jaric,4020,03/21/1945,"8,000",1,1,21,55,Nein,Plot,73874,164920,880,31255,24000
683-1064,Jaric,4029,03/21/1945,"8,000",1,1,21,31,Nein,Plot,75060,164125,880,31255,24000
37-0187,Jaric,3007,03/22/1945,"12,500",2,1,23,38,Nein,Plot,74444,163663,1375,31255,25000
37-0187,Jaric,3008,03/22/1945,"12,500",2,1,23,57,Nein,Plot,73878,164233,1375,31255,25000
37-0187,Jaric,3009,03/22/1945,"12,500",2,1,23,52,Nein,Plot,73312,164803,1375,31255,25000
37-0187,Jaric,4008,03/22/1945,"12,500",2,1,23,48,Nein,Plot,75786,165943,1375,31255,25000
37-0187,Jaric,4009,03/22/1945,"12,500",2,1,23,47,Nein,Plot,75234,166512,1375,31255,25000
37-0187,Jaric,5001,03/22/1945,"50,000",2,1,23,59,Nein,Plot,78797,162073,5500,31255,25000
37-0187,Jaric,5002,03/22/1945,"50,000",2,1,23,100,Nein,Plot,74459,166122,5500,31255,25000
37-0189,Jaric,5030,03/22/1945,"50,000",2,1,23,100,Nein,Plot,72026,168322,5500,31255,25000
37-0197,F-14841,3013,03/24/1945,"11,500",2,1,23,60,Nein,Plot,74648,164200,1265,31255,23000
37-0197,F-14841,3014,03/24/1945,"11,500",2,1,23,96,Nein,Plot,74403,164956,1265,31255,23000
37-0197,F-14841,3015,03/24/1945,"11,500",2,1,23,83,Nein,Plot,74159,165712,1265,31255,23000
37-0197,F-14841,3016,03/24/1945,"11,500",2,1,23,44,Nein,Plot,73915,166469,1265,31255,23000
37-0197,F-14841,4004,03/24/1945,"11,500",2,1,23,39,Nein,Plot,75596,166311,1265,31255,23000
37-0197,F-14841,4005,03/24/1945,"11,500",2,1,23,57,Nein,Plot,74322,166350,1265,31255,23000
37-0197,Jaric,5004,03/24/1945,"46,000",1,1,23,78,Nein,Plot,77151,161586,5060,31255,23000
37-0197,Jaric,5005,03/24/1945,"46,000",1,1,23,100,Nein,Plot,76367,164205,5060,31255,23000
37-0197,Jaric,5006,03/24/1945,"46,000",1,1,23,100,Nein,Plot,75585,166823,5060,31255,23000
37-0197,Jaric,5007,03/24/1945,"46,000",1,1,23,93,Nein,Plot,74802,169442,5060,31255,23000
37-0091,Jaric,5027,03/26/1945,"50,000",1,1,23,100,Nein,Plot,72392,161702,5500,31255,25000
37-0091,Jaric,5028,03/26/1945,"50,000",1,1,23,100,Nein,Plot,75387,161651,5500,31255,25000
37-0091,Jaric,5029,03/26/1945,"50,000",1,1,23,100,Nein,Plot,77755,162219,5500,31255,25000
37-0091,Jaric,5030,03/26/1945,"50,000",1,1,23,100,Nein,Plot,77655,165214,5500,31255,25000
37-0091,Jaric,5031,03/26/1945,"50,000",1,1,23,100,Nein,Plot,77554,168209,5500,31255,25000
15SG-1401,F-14784,3105,03/29/1945,"12,500",3,1,23,30,Nein,Plot,76320,165075,1375,31255,25000
15SG-1401,F-14784,4105,03/29/1945,"12,500",3,1,23,46,Nein,Plot,73425,166170,1375,31255,25000
15SG-1401,F-14784,4106,03/29/1945,"12,500",3,1,23,41,Nein,Plot,73016,165237,1375,31255,25000
15SG-1401,F-14784,5028,03/29/1945,"50,000",3,1,23,100,Nein,Plot,76496,165886,5500,31255,25000
683-1083,Jaric,3251,03/29/1945,"8,300",2,1,21,36,Nein,Plot,73566,165899,913,31255,25000
683-1083,Jaric,3252,03/29/1945,"8,300",2,1,21,53,Nein,Plot,73984,165887,913,31255,25000
683-1083,Jaric,3253,03/29/1945,"8,300",2,1,21,63,Nein,Plot,74404,165875,913,31255,25000
683-1083,Jaric,3254,03/29/1945,"8,300",2,1,21,62,Nein,Plot,74824,165863,913,31255,25000
683-1083,Jaric,3255,03/29/1945,"8,300",2,,,85,Ja,BM,74743,165338,913,31255,25000
683-1083,Jaric,3256,03/29/1945,"8,300",2,,,66,Ja,BM,75147,165274,913,31255,25000
683-1083,Jaric,4138,03/29/1945,"8,000",2,1,23,33,Nein,Plot,75388,164391,880,31255,25000
683-1083,Jaric,4222,03/29/1945,"8,300",2,1,21,39,Nein,Plot,75526,164699,913,31255,25000
683-1083,Jaric,4223,03/29/1945,"8,300",2,1,21,47,Nein,Plot,75171,164520,913,31255,25000
683-1083,Jaric,4224,03/29/1945,"8,300",2,1,21,47,Nein,Plot,74815,164342,913,31255,25000
683-1083,Jaric,4225,03/29/1945,"8,300",2,1,21,40,Nein,Plot,74459,164163,913,31255,25000
683-1083,Jaric,4243,03/29/1945,"8,300",2,1,21,37,Nein,Plot,74067,164207,913,31255,25000
683-1083,Jaric,4244,03/29/1945,"8,300",2,1,21,41,Nein,Plot,74428,164195,913,31255,25000
683-1083,Jaric,4245,03/29/1945,"8,300",2,1,21,40,Nein,Plot,74790,164184,913,31255,25000
683-1083,Jaric,4246,03/29/1945,"8,300",2,1,21,33,Nein,Plot,75152,164173,913,31255,25000
15SG-1416,Jaric,4026,04/01/1945,"11,000",2,1,23,64,Nein,Plot,75479,165263,1210,31255,22000
15SG-1416,Jaric,4027,04/01/1945,"11,000",2,1,23,100,Nein,Plot,74657,165283,1210,31255,22000
15SG-1416,Jaric,4028,04/01/1945,"11,000",2,1,23,74,Nein,Plot,73834,165302,1210,31255,22000
15SG-1416,Jaric,4029,04/01/1945,"11,000",2,1,23,33,Nein,Plot,73012,165322,1210,31255,22000
15SG-1416,Jaric,5006,04/01/1945,"44,000",2,1,23,73,Nein,Plot,78623,163669,4840,31255,22000
15SG-1416,Jaric,5007,04/01/1945,"44,000",2,1,23,100,Nein,Plot,73556,163968,4840,31255,22000
682-1062,Jaric,3224,04/02/1945,"8,333",,1,21,32,Nein,Plot,75797,165510,916.63,31255,26000
682-1062,Jaric,3225,04/02/1945,"8,333",,1,21,38,Nein,Plot,75628,164873,916.63,31255,26000
683-1095,Jaric,3323,04/03/1945,"7,500",1,1,21,44,Nein,Plot,73634,165370,825,31255,23000
683-1095,Jaric,3324,04/03/1945,"7,500",1,1,21,69,Nein,Plot,74129,165164,825,31255,23000
683-1095,Jaric,3325,04/03/1945,"7,500",1,1,21,75,Nein,Plot,74625,164957,825,31255,23000
683-1095,Jaric,3326,04/03/1945,"7,500",1,1,21,53,Nein,Plot,75121,164751,825,31255,23000
23PS-0601K,B-05049,5001,04/09/1945,"50,000",1,1,23,100,Nein,Plot,72177,164685,5500,31255,25000
23PS-0601K,B-05049,5002,04/09/1945,"50,000",1,1,23,100,Nein,Plot,75514,164628,5500,31255,25000
23PS-0601K,B-05049,5003,04/09/1945,"50,000",1,1,23,100,Nein,Plot,78851,164572,5500,31255,25000
37-0259,Koch,3030,04/09/1945,"13,000",2,,,32,Ja,BM,74491,163478,1430,31255,26000
37-0259,Koch,3033,04/09/1945,"13,000",2,,,96,Ja,BM,74801,165686,1430,31255,26000
37-0259,Koch,3034,04/09/1945,"13,000",2,,,63,Ja,BM,74912,166355,1430,31255,26000
37-0259,Koch,3035,04/09/1945,"13,000",2,,,32,Ja,BM,75089,166958,1430,31255,26000
37-0260,ACIU,3106,04/09/1945,"11,500",1,,,33,Ja,BM,73165,166027,1265,31255,23000
37-0260,ACIU,3108,04/09/1945,"11,500",,1,23,91,Nein,Plot,74504,164825,1265,31255,23000
37-0260,ACIU,3109,04/09/1945,"11,500",,1,23,99,Nein,Plot,74462,165526,1265,31255,23000
37-0260,ACIU,3110,04/09/1945,"11,500",,1,23,64,Nein,Plot,74419,166227,1265,31255,23000
37-0260,ACIU,4106,04/09/1945,"11,500",1,,,47,Ja,BM,74025,164056,1265,31255,23000
37-0260,ACIU,5027,04/09/1945,"46,000",,1,23,100,Nein,Plot,73754,163519,5060,31255,23000
37-0260,ACIU,5028,04/09/1945,"46,000",,1,23,100,Nein,Plot,76857,165096,5060,31255,23000
37-0260,ACIU,5029,04/09/1945,"46,000",,1,23,79,Nein,Plot,76358,169360,5060,31255,23000
37-0267,F-14693,5018,04/10/1945,"48,000",2,1,23,100,Nein,Plot,76987,168375,5280,31255,24000
37-0285,ACIU,4034,04/12/1945,"12,000",0,1,23,32,Nein,Plot,73865,166772,1320,31255,24000
37-0285,ACIU,5010,04/12/1945,"45,000",0,1,23,100,Nein,Plot,75102,167527,4950,31255,24000
37-0285,ACIU,5011,04/12/1945,"45,000",0,1,23,100,Nein,Plot,75120,164244,4950,31255,24000
682-1088,Jaric,3424,04/12/1945,"8,500",1,1,21,30,Nein,Plot,75851,164927,935,31255,26000
682-1088,Jaric,4423,04/12/1945,"8,500",1,1,21,46,Nein,Plot,74178,166190,935,31255,26000
682-1088,Jaric,4424,04/12/1945,"8,500",1,1,21,62,Nein,Plot,73955,165568,935,31255,26000
682-1088,Jaric,4425,04/12/1945,"8,500",1,1,21,52,Nein,Plot,73731,164946,935,31255,26000
682-1088,Jaric,4433,04/12/1945,"8,500",1,1,21,47,Nein,Plot,75544,165220,935,31255,26000
682-1088,Jaric,4434,04/12/1945,"8,500",1,1,21,74,Nein,Plot,74977,165127,935,31255,26000
682-1088,Jaric,4435,04/12/1945,"8,500",1,1,21,83,Nein,Plot,74410,165035,935,31255,26000
682-1088,Jaric,4436,04/12/1945,"8,500",1,1,21,57,Nein,Plot,73843,164944,935,31255,26000
104W-101C,ACIU,3002,04/16/1945,"16,500",,1,21,61,Nein,Plot,73029,164872,1815,31255,28000
104W-101C,ACIU,3003,04/16/1945,"16,500",2,,,62,Ja,BM,73013,164994,1815,31255,28000
104W-101C,ACIU,3006,04/16/1945,"16,500",,1,21,89,Nein,Plot,75505,165656,1815,31255,28000
104W-101C,ACIU,3007,04/16/1945,"16,500",,1,21,57,Nein,Plot,76135,165815,1815,31255,28000
37-0296,Jaric,3069,04/17/1945,"12,500",1,1,23,46,Nein,Plot,73509,164278,1375,31255,25000
37-0296,Jaric,3070,04/17/1945,"12,500",1,1,23,91,Nein,Plot,74068,165029,1375,31255,25000
37-0296,Jaric,3071,04/17/1945,"12,500",1,1,23,92,Nein,Plot,74627,165779,1375,31255,25000
37-0296,Jaric,3072,04/17/1945,"12,500",1,1,23,47,Nein,Plot,75187,166531,1375,31255,25000
37-0296,Jaric,5028,04/17/1945,"50,000",1,1,23,100,Nein,Plot,74570,163008,5500,31255,25000
37-0296,Jaric,5029,04/17/1945,"50,000",1,1,23,100,Nein,Plot,77359,166866,5500,31255,25000
37-0307,B-05091,4161,04/20/1945,"12,500",2,1,23,52,Nein,Plot,74770,166577,1375,31255,25000
37-0307,B-05091,4162,04/20/1945,"12,500",2,1,23,100,Nein,Plot,74417,165562,1375,31255,25000
37-0307,B-05091,4163,04/20/1945,"12,500",2,1,23,75,Nein,Plot,74064,164547,1375,31255,25000
37-0307,B-05091,4178,04/20/1945,"12,500",2,1,23,33,Nein,Plot,76119,165944,1375,31255,25000
37-0307,B-05091,4179,04/20/1945,"12,500",2,1,23,62,Nein,Plot,75390,166022,1375,31255,25000
37-0307,B-05091,4180,04/20/1945,"12,500",2,1,23,76,Nein,Plot,74663,166100,1375,31255,25000
683-1141,Jaric,3002,04/20/1945,"8,300",1,1,21,40,Nein,Plot,73492,164959,913,31255,25000
683-1141,Jaric,3003,04/20/1945,"8,300",1,1,21,65,Nein,Plot,73978,165069,913,31255,25000
683-1141,Jaric,3004,04/20/1945,"8,300",1,1,21,89,Nein,Plot,74465,165181,913,31255,25000
683-1141,Jaric,3005,04/20/1945,"8,300",1,1,21,75,Nein,Plot,74953,165293,913,31255,25000
683-1141,Jaric,3006,04/20/1945,"8,300",1,1,21,50,Nein,Plot,75440,165404,913,31255,25000
683-1141,Jaric,3019,04/20/1945,"8,300",1,1,21,31,Nein,Plot,75140,164125,913,31255,25000
683-1141,Jaric,3020,04/20/1945,"8,300",1,1,21,47,Nein,Plot,75270,164611,913,31255,25000
683-1141,Jaric,3021,04/20/1945,"8,300",1,1,21,52,Nein,Plot,75401,165096,913,31255,25000
683-1141,Jaric,3022,04/20/1945,"8,300",1,1,21,44,Nein,Plot,75531,165581,913,31255,25000
37-0324,F-14938,3049,04/25/1945,"11,000",2,1,23,63,Nein,Plot,75388,164813,1210,31255,22000
37-0324,F-14938,3050,04/25/1945,"11,000",2,1,23,84,Nein,Plot,74208,164880,1210,31255,22000
37-0324,F-14937,4054,04/25/1945,"11,000",2,1,23,73,Nein,Plot,74838,165938,1210,31255,22000
37-0324,F-14937,4055,04/25/1945,"11,000",2,1,23,55,Nein,Plot,75552,164809,1210,31255,22000
37-0329,D-05109,4006,04/26/1945,"13,000",2,,,32,Ja,BM,76326,165046,1430,31255,18000
37-0329,ACIU,4007,04/26/1945,"9,000",1,,,40,Ja,BM,75670,164847,990,31255,18000
37-0329,ACIU,4008,04/26/1945,"9,000",1,,,59,Ja,BM,75105,164668,990,31255,18000
37-0329,ACIU,4009,04/26/1945,"9,000",1,,,63,Ja,BM,74442,164554,990,31255,18000
37-0329,ACIU,4010,04/26/1945,"9,000",1,,,41,Ja,BM,73719,164456,990,31255,18000
37-0329,D-05109,4011,04/26/1945,"13,000",2,,,33,Ja,BM,73040,164367,1430,31255,18000
37-0329,ACIU,4016,04/26/1945,"9,000",1,,,42,Ja,BM,73787,164432,990,31255,18000
37-0329,ACIU,5002,04/26/1945,"36,000",1,1,23,97,Nein,Plot,77478,164554,3960,31255,18000
37-0329,ACIU,5003,04/26/1945,"36,000",1,1,23,100,Nein,Plot,74199,163791,3960,31255,18000
37-0329,ACIU,5004,04/26/1945,"36,000",1,1,23,34,Nein,Plot,70919,163028,3960,31255,18000
60-1176,Jaric,3010,05/04/1945,"10,800",2,1,21,41,Nein,Plot,75303,164119,1188,31255,18000
60-1176,Jaric,3011,05/04/1945,"10,800",2,1,21,48,Nein,Plot,74913,164094,1188,31255,18000
60-1176,Jaric,3012,05/04/1945,"10,800",2,1,21,49,Nein,Plot,74523,164069,1188,31255,18000
60-1176,Jaric,3013,05/04/1945,"10,800",2,1,21,44,Nein,Plot,74134,164045,1188,31255,18000
60-1176,Jaric,3014,05/04/1945,"10,800",2,1,21,35,Nein,Plot,73744,164021,1188,31255,18000
60-1176,Jaric,4008,05/04/1945,"10,800",2,1,21,39,Nein,Plot,75771,165957,1188,31255,18000
60-1176,Jaric,4009,05/04/1945,"10,800",2,1,21,58,Nein,Plot,75333,165933,1188,31255,18000
60-1176,Jaric,4010,05/04/1945,"10,800",2,1,21,72,Nein,Plot,74895,165910,1188,31255,18000
60-1176,Jaric,4011,05/04/1945,"10,800",2,1,21,77,Nein,Plot,74456,165886,1188,31255,18000
60-1176,Jaric,4012,05/04/1945,"10,800",2,1,21,68,Nein,Plot,74018,165863,1188,31255,18000
60-1176,Jaric,4013,05/04/1945,"10,800",2,1,21,52,Nein,Plot,73580,165839,1188,31255,18000
60-1176,Jaric,4014,05/04/1945,"10,800",2,1,21,33,Nein,Plot,73141,165816,1188,31255,18000
60-1176,Jaric,7001,05/04/1945,"36,000",2,1,23,40,Nein,Plot,78692,165017,3960,31255,18000
60-1176,Jaric,7002,05/04/1945,"36,000",2,1,23,100,Nein,Plot,77354,164816,3960,31255,18000
60-1176,Jaric,7003,05/04/1945,"36,000",2,1,23,100,Nein,Plot,76016,164615,3960,31255,18000
60-1176,Jaric,7004,05/04/1945,"36,000",2,1,23,100,Nein,Plot,74679,164413,3960,31255,18000
60-1176,Jaric,7005,05/04/1945,"36,000",2,1,23,100,Nein,Plot,73342,164211,3960,31255,18000
60-1176,Jaric,7006,05/04/1945,"36,000",2,1,23,100,Nein,Plot,72005,164010,3960,31255,18000
60-1176,Jaric,7007,05/04/1945,"36,000",2,1,23,100,Nein,Plot,75900,167455,3960,31255,18000
60-1176,Jaric,7008,05/04/1945,"36,000",2,1,23,100,Nein,Plot,75021,167814,3960,31255,18000
60-1176,Jaric,7009,05/04/1945,"36,000",2,1,23,100,Nein,Plot,74141,168174,3960,31255,18000
60-1176,Jaric,7010,05/04/1945,"36,000",2,1,23,71,Nein,Plot,73262,168533,3960,31255,18000
683-1160,Jaric,3187,05/05/1945,"14,000",2,1,21,35,Nein,Plot,74941,167055,1540,31255,24000
683-1160,Jaric,3188,05/05/1945,"14,000",2,1,21,34,Nein,Plot,73993,167026,1540,31255,24000
683-1160,Jaric,3193,05/05/1945,"14,000",2,1,21,75,Nein,Plot,73836,165991,1540,31255,24000
683-1160,Jaric,3194,05/05/1945,"14,000",2,1,21,40,Nein,Plot,74252,166969,1540,31255,24000
683-1160,Jaric,3201,05/05/1945,"14,000",2,1,21,47,Nein,Plot,75752,166308,1540,31255,24000
683-1160,Jaric,3202,05/05/1945,"14,000",2,1,21,67,Nein,Plot,75643,164769,1540,31255,24000
683-1160,Jaric,4188,05/05/1945,"14,000",2,1,21,61,Nein,Plot,75710,164623,1540,31255,24000
683-1160,Jaric,4189,05/05/1945,"14,000",2,1,21,91,Nein,Plot,74733,164581,1540,31255,24000
683-1160,Jaric,4190,05/05/1945,"14,000",2,1,21,73,Nein,Plot,73756,164538,1540,31255,24000
683-1160,Jaric,4191,05/05/1945,"14,000",2,1,21,30,Nein,Plot,72780,164496,1540,31255,24000
683-1160,Jaric,4195,05/05/1945,"14,000",2,1,21,38,Nein,Plot,76282,164897,1540,31255,24000
683-1160,Jaric,4203,05/05/1945,"14,000",2,1,21,44,Nein,Plot,73345,166368,1540,31255,24000
683-1160,Jaric,4204,05/05/1945,"14,000",2,1,21,54,Nein,Plot,73180,164811,1540,31255,24000
23-002L,B-14922,3105,05/07/1945,"12,500",2,1,23,37,Nein,Plot,73327,164199,1375,31255,25000
23-002L,B-14922,3106,05/07/1945,"12,500",2,1,23,60,Nein,Plot,73465,164869,1375,31255,25000
23-002L,B-14922,3107,05/07/1945,"12,500",2,1,23,65,Nein,Plot,73517,165512,1375,31255,25000
23-002L,B-14922,3108,05/07/1945,"12,500",2,1,23,64,Nein,Plot,73654,165866,1375,31255,25000
23-002L,B-14922,3109,05/07/1945,"12,500",2,1,23,62,Nein,Plot,73754,166057,1375,31255,25000
23-002L,B-14922,3110,05/07/1945,"12,500",2,1,23,60,Nein,Plot,73890,166224,1375,31255,25000
23-002L,B-14922,3111,05/07/1945,"12,500",2,1,23,56,Nein,Plot,74031,166388,1375,31255,25000
23-002L,B-14922,3112,05/07/1945,"12,500",2,1,23,51,Nein,Plot,74168,166556,1375,31255,25000
23-002L,B-14922,3113,05/07/1945,"12,500",2,1,23,43,Nein,Plot,74284,166738,1375,31255,25000
23-002L,B-14922,3114,05/07/1945,"12,500",2,1,23,35,Nein,Plot,74397,166922,1375,31255,25000
23-002L,B-14923,4110,05/07/1945,"12,500",2,1,23,33,Ja,Plot,75873,164171,1375,31255,25000
23-002L,B-14923,4111,05/07/1945,"12,500",2,1,23,37,Ja,Plot,75928,164371,1375,31255,25000
23-002L,B-14923,4112,05/07/1945,"12,500",2,1,23,40,Ja,Plot,75964,164576,1375,31255,25000
23-002L,B-14923,4113,05/07/1945,"12,500",2,1,23,42,Ja,Plot,76006,164779,1375,31255,25000
23-002L,B-14923,4114,05/07/1945,"12,500",2,1,23,42,Ja,Plot,76057,164980,1375,31255,25000
23-002L,B-14923,4115,05/07/1945,"12,500",2,1,23,41,Ja,Plot,76107,165181,1375,31255,25000
23-002L,B-14923,4116,05/07/1945,"12,500",2,1,23,37,Ja,Plot,76182,165421,1375,31255,25000
23-002L,B-14923,4117,05/07/1945,"12,500",2,1,23,31,Ja,Plot,76252,165645,1375,31255,25000
23-002L,B-14924,5019,05/07/1945,"50,000",2,1,23,100,Nein,Plot,74218,161366,5500,31255,25000
23-002L,B-14924,5020,05/07/1945,"50,000",2,1,23,100,Nein,Plot,75511,164808,5500,31255,25000
23-002L,B-14924,5021,05/07/1945,"50,000",2,1,23,100,Nein,Plot,76557,168335,5500,31255,25000
34-4012,F-14419,3140,05/09/1945,"10,000",1,1,23,45,Ja,Plot,75677,164847,1100,31255,20000
34-4012,F-14419,3141,05/09/1945,"10,000",1,1,23,49,Ja,Plot,74821,164188,1100,31255,20000
34-4012,F-14420,4141,05/09/1945,"10,000",1,1,23,41,Nein,Plot,73499,165974,1100,31255,20000
23-010L,ACIU,3005,05/10/1945,"10,000",1,1,23,50,Nein,Plot,75649,165368,1100,31255,20000
23-010L,ACIU,3006,05/10/1945,"10,000",1,1,23,55,Nein,Plot,75347,164663,1100,31255,20000
23-010L,ACIU,3007,05/10/1945,"10,000",1,1,23,30,Nein,Plot,75023,163847,1100,31255,20000
23-010L,ACIU,4003,05/10/1945,"10,000",1,1,23,50,Nein,Plot,74341,166320,1100,31255,20000
23-010L,ACIU,4004,05/10/1945,"10,000",1,1,23,30,Nein,Plot,73500,166312,1100,31255,20000
23-010L,ACIU,4005,05/10/1945,"10,000",1,1,23,40,Nein,Plot,73301,165553,1100,31255,20000
39-3898,F-14702,5022,05/14/1945,"36,000",3,4,23,100,Nein,Plot,76644,165471,3960,31255,
39-3898,F-14702,5023,05/14/1945,"36,000",3,4,23,100,Nein,Plot,73349,163484,3960,31255,
34-4049,F-14521,3128,05/15/1945,"13,000",,,,56,Ja,BM,75117,164095,1430,31255,26000
34-4049,F-14521,3129,05/15/1945,"13,000",,,,73,Ja,BM,74346,164331,1430,31255,26000
34-4049,F-14521,3130,05/15/1945,"13,000",,,,54,Ja,BM,73561,164361,1430,31255,26000
34-4049,F-14522,4030,05/15/1945,"13,000",,,,46,Nein,BM,73237,165967,1430,31255,26000
34-4049,F-14522,4031,05/15/1945,"13,000",,,,87,Ja,BM,74201,165836,1430,31255,26000
34-4049,F-14522,4032,05/15/1945,"13,000",,,,73,Ja,BM,75146,166008,1430,31255,26000
34-4049,F-14522,4033,05/15/1945,"13,000",,,,33,Ja,BM,76222,165853,1430,31255,26000
34-4049,F-14522,4126,05/15/1945,"13,000",,,,39,Ja,BM,75860,166264,1430,31255,26000
34-4049,F-14522,4127,05/15/1945,"13,000",,,,66,Ja,BM,75079,166224,1430,31255,26000
34-4049,F-14522,4128,05/15/1945,"13,000",,,,55,Ja,BM,74215,166530,1430,31255,26000
34-4049,F-14522,4129,05/15/1945,"13,000",,,,47,Ja,BM,73382,166151,1430,31255,26000
34-4069,F-14573,4046,05/16/1945,"10,000",,,,38,Ja,BM,75252,164118,1100,31255,20000
34-4069,F-14573,4057,05/16/1945,"10,000",,,,58,Ja,BM,73683,165569,1100,31255,20000
34-4069,F-14573,4058,05/16/1945,"10,000",,,,92,Ja,BM,74601,165499,1100,31255,20000
34-4069,F-14573,4059,05/16/1945,"10,000",,,,55,Ja,BM,75525,165423,1100,31255,20000
422-BS-4233-21,E-00964,31,09/02/1945,"40,000",3,1,23,100,Nein,Plot,75157,164482,4400,31255,20000
422-BS-4233-21,E-00964,32,09/02/1945,"40,000",3,1,23,100,Nein,Plot,71279,164448,4400,31255,20000
422-BS-4233-21,E-00964,155,09/02/1945,"40,000",3,1,23,100,Nein,Plot,77718,165782,4400,31255,20000
422-BS-4233-21,E-00964,156,09/02/1945,"40,000",3,1,23,100,Nein,Plot,72901,165410,4400,31255,20000
422-BS-4242-21,E-00965,53,09/03/1945,"40,000",3,1,23,59,Nein,Plot,73711,170278,4400,31255,20000
422-BS-4291-21,E-00968,88,09/14/1945,"40,000",3,1,23,94,Nein,Plot,74026,169974,4400,31255,20000
422-BS-4291-21,E-00968,140,09/14/1945,"40,000",3,1,23,100,Nein,Plot,72227,164144,4400,31255,20000
422-BS-4291-21,E-00968,141,09/14/1945,"40,000",3,1,23,100,Nein,Plot,76799,164416,4400,31255,20000
422-BS-4292-21,E-00968,19,09/14/1945,"40,000",2,1,23,32,Nein,Plot,71115,160578,4400,31255,20000
422-BS-4292-21,E-00968,20,09/14/1945,"40,000",2,1,23,100,Nein,Plot,75605,161023,4400,31255,20000
422-BS-4303-21,E-00973,106,09/18/1945,"40,000",2,1,23,100,Nein,Plot,74863,162638,4400,31255,20000
422-BS-4303-21,E-00973,107,09/18/1945,"40,000",2,1,23,50,Nein,Plot,70867,162584,4400,31255,20000
422-BS-4303-21,E-00973,161,09/18/1945,"40,000",2,1,23,87,Nein,Plot,73631,168956,4400,31255,20000
